product,cost_proxy,avg_unit_price,revenue,qty,margin_estimate,gap_to_20,margin_at_risk
ANAR,255.776,300.0179781420765,1298240.47,4289.82,0.1474644233524075,0.05253557664759251,68203.81171869152
APPLE ROYAL GALA,362.0,387.7026923076923,1037085.41,2695.28,0.06629485122918333,0.13370514877081668,138663.65903209342
POTATO,44.9,49.11601092896175,487956.76,9951.98,0.08583781233902565,0.11416218766097436,55706.21120556103
ONION,28.9,33.289781420765024,443523.94,13298.94,0.13186573276887992,0.0681342672311201,30219.178651359274
TONED MILK 500ml HERITAGE,31.0,31.302039800995026,401154.05,14652.0,0.009649205065077715,0.1903507949349223,76359.99230886357
RIDGE GOURD,46.0,57.335464480874315,368571.19,6459.72,0.1977042408831543,0.002295759116845708,846.1506696491717
BABY ORANGE,232.2,271.00879781420764,357851.54,1302.95,0.14320124707100224,0.056798752928997776,20325.521205721365
USA FUJI APPLE,386.07,419.00348066298346,305790.4,732.75,0.07859953958108723,0.12140046041891278,37123.09535168351
PINK LADY APPLE,332.63,367.50757763975156,236727.24,648.13,0.09490301632348985,0.10509698367651016,24879.3188780653
BLUE BERRY,246.0,304.16511494252876,229863.0,768.0,0.19122875071823708,0.008771249281762927,2016.1856736538718
Banana Yalakki,124.0,137.39494505494505,224911.6,1637.34,0.09749226981813874,0.10250773018186127,23055.17760757071
FULL CREAM MILK 500ml HERITAGE,41.0,41.33170731707317,211274.0,5117.0,0.008025492741649876,0.19197450725835014,40559.22204650067
RUBUSTA BANANA,42.1,46.84483516483517,204084.65,4378.63,0.10128833089366818,0.09871166910633183,20145.536440481545
PURE O FRESH EGGS 30 pack,250.0,249.64022346368714,196234.74,787.0,-0.0014411801564711002,0.2014411801564711,39529.757613298265
CUSTARD APPLE ANAND,243.0,272.8720930232558,195140.17,725.49,0.10947287680572715,0.09052712319427286,17665.47820974135
HIMAYATH MANGO KG LOOSE,269.0,317.78234567901234,193772.48,617.9,0.1535086713982744,0.04649132860172561,9008.740041651305
GARLIC,146.0,162.08524590163933,181961.57,1121.55,0.09923942066510227,0.10076057933489774,18334.55320988755
A2 BUFFALO MILK 500ml SIDS FARM,60.0,59.912950819672126,174094.0,2913.0,-0.00145292760808724,0.20145292760808725,35071.74597900234
DASHERI MANGO KG LOOSE,207.0,214.0463,173487.08,812.64,0.032919513208123696,0.16708048679187631,28986.305778501188
BUTTON MUSHROOM,49.0,48.91469945355191,168699.54,3457.0,-0.0017438632435855528,0.20174386324358556,34034.096927015795
WASHINGTON APPLE,326.0,342.6552258064516,164479.34,483.27,0.0486063674273548,0.1513936325726452,24901.124765751185
PANEER 200G HERITAGE,117.0,116.47807909604519,163385.4,1407.0,-0.004480850886323884,0.2044808508863239,33409.185614402384
COCONUT,39.9,43.886448087431695,162488.22,3696.0,0.09083551440503446,0.10916448559496555,17737.942951541594
CURD 500g POUCH HERITAGE,50.0,49.856263736263735,155741.25,3133.0,-0.002883013145482005,0.20288301314548202,31597.2540710438
FRESH LOOSE PANEER,520.0,519.9998224852071,155474.76,304.8,-3.413747182712257e-07,0.20000034137471828,31095.005075152396
KESARI MANGO KG LOOSE,209.0,235.12702702702705,146626.91,628.36,0.11111877421060512,0.08888122578939489,13032.379494511284
MOUSAMBI,72.0,82.82203296703297,137279.59,1680.51,0.13066611117044957,0.06933388882955044,9518.127831626263
RAW BANANA(GREEN PLANTIN),59.888,60.39715846994536,128694.31999999999,2133.14,0.00843017259162493,0.19156982740837508,24653.948670838192
CHINNA RASALU KG LOOSE,117.0,141.61555555555555,123437.86,889.21,0.17381957412085924,0.026180425879140767,3231.655744409755
PANEER 500G HERITAGE,275.0,273.87605504587157,123009.96,448.0,-0.004103845273878193,0.2041038452738782,25106.80584298595
Green Kiwi Small,32.0,39.28814207650273,117932.0,3043.0,0.18550487987726938,0.014495120122730631,1709.4385063138689
BANANA CHOCOCHIP LOAF 350g KALSAN FOODS,150.0,150.0,115200.0,768.0,0.0,0.2,23040.0
GOLDEN KIWI SMALL,53.498,66.44841726618705,109152.55,1687.0,0.194894292430002,0.005105707569998008,557.3010008195861
CHEKKARAKELI BANANA,119.0,123.7339010989011,105288.19,858.44,0.03825872341256964,0.16174127658743037,17029.44626017992
SWEET CORN,11.9,14.774699453551912,102729.3,7012.0,0.19456906467635926,0.005430935323640751,557.9161841428878
PURE O FRESH EGGS 6 PACK,54.0,53.97362637362638,100072.8,1855.0,-0.000488639139994973,0.20048863913999498,20063.459486928892
CURD TUB 1KG HERITAGE,109.0,108.83446927374301,98142.23,904.0,-0.0015209402624147828,0.2015209402624148,19777.714469050174
COLOUR CUCUMBER,31.631999999999998,36.42377049180328,95482.76,2629.25,0.13155613565272195,0.06844386434727806,6535.209072943708
FLY BERRY DERI DATES 255g,199.0,199.0,84575.0,427.0,0.0,0.2,16915.0
COW MILK 500ML POUCH SIDS FARM,42.0,41.86049180327869,83589.86,2010.0,-0.003332693685896393,0.2033326936858964,16996.551398626965
KARPURAVALLI BANANA,74.0,78.40491712707183,80638.42,1028.6,0.05618164381109825,0.14381835618890176,11597.28501007026
EGGS 6PC JUST LAID VN POULTRY,80.0,80.0,79920.0,999.0,0.0,0.2,15984.0
CHERUKU RASALU KG LOOSE,146.0,172.637,76365.67,461.89,0.15429484988733588,0.04570515011266413,3490.3044108041713
MENTI BIG,99.0,113.62267759562842,70809.16,614.62,0.12869506250916773,0.07130493749083228,5049.042727578341
KALA JAMUN BOX PACK ANAND,99.0,119.6686046511628,67282.0,604.0,0.1727153476169655,0.027284652383034513,1835.7659816353282
FREEDOM RF SUNFLOWER OIL 1LT POUCH,158.0,158.95364238410596,64739.0,408.0,0.005999500041663164,0.19400049995833685,12559.398366802769
CLUSTER BEANS,50.12,59.190164835164836,63949.94,1078.97,0.1532377019125356,0.046762298087464405,2990.4461569554637
IDLY . DOSA BATTER 1KG ID FRESH,95.0,95.0,61655.0,650.0,0.0,0.2,12331.0
ASH GOURD,37.0,39.6838418079096,59776.4,1520.11,0.06763059435880203,0.13236940564119798,7912.566539370507
CURRY LEAVES,89.0,94.00524590163934,59596.840000000004,635.03,0.05324432539516455,0.14675567460483546,8746.174458516443
COCONUT MANGO,172.0,189.4829508196721,59162.729999999996,310.07,0.09226661683303827,0.10773338316696174,6373.801060293502
GREEN PEAS,158.7,181.09258620689656,58912.81,329.22,0.12365269432572601,0.076347305674274,4497.834313200426
GREEN APPLE,353.0,378.80737226277375,57267.08,151.97,0.06812795672010186,0.13187204327989815,7551.92685227339
TELANGANA CHEKKALU 250g  VELLANKI FOODS,130.0,131.4875,55106.0,419.0,0.011312862439395444,0.18868713756060457,10397.793402414676
FLYBERRY DREAMY DERI DATES 400G,699.0,698.9998333333333,54521.99,78.0,-2.384359176765827e-07,0.2000002384359177,10904.411000000719
MIXED SPROUTS ANAND,30.0,30.0,53400.0,1780.0,0.0,0.2,10680.0
NATURAL CURD 450g SIDS FARM,50.0,50.090494505494505,53340.0,1067.0,0.0018066203256303925,0.19819337967436962,10571.634871830875
CARRY BAG MEDIUM 5Kg HOLDING CAPACITY,6.0,6.0,53298.0,8949.0,0.0,0.2,10659.6
GAVVALU SWEET 250G VELLANKI FOODS,140.0,141.0897435897436,51995.0,369.0,0.007723761926397121,0.1922762380736029,9997.402998636982
CHEGODI 250g VELLANKI FOODS,145.0,145.55339743589744,51264.0,352.0,0.003802023488604256,0.19619797651139576,10057.893067880192
Thotakura,56.0,63.87945355191257,50208.8,782.36,0.12334879392024256,0.07665120607975745,3848.565075817326
LYCHEE LOCAL ANAND,429.0,462.3793333333333,49892.05,107.83,0.07219036606307372,0.1278096339369263,6376.684646862824
SID FARMS MALAI PANEER 200g,120.0,121.44273885350317,47993.0,397.0,0.011879992720219779,0.18812000727978023,9028.443509378492
FIGS AFGHANI NORMAL KG FLYBERRY,1900.0,1896.7880681818183,47772.840000000004,25.32,-0.0016933530277110087,0.20169335302771102,9635.464283256355
WALNUT PREMIUM KGS FLYBERRY,2400.0,2399.9998765432097,47750.4,20.08,-5.1440331994001554e-08,0.200000051440332,9550.08245629643
DATE BITES 160g FLYBERRY,299.0,298.6785483870968,46823.4,157.0,-0.0010762460666797757,0.2010762460666798,9415.073500078575
chukkakura,79.0,88.11357142857143,46275.08,527.98,0.10342982676578127,0.09657017323421874,4468.792492027331
PALLI PEANUT CHIKKI 250g VELLANKI FOODS,150.0,150.8843537414966,45715.0,303.0,0.005861136158701541,0.19413886384129847,8875.05816050496
BUFFALO GHEE 250g  VELLANKI FOODS,225.0,225.0,44775.0,199.0,0.0,0.2,8955.0
MURUKULU 250g VELLANKI FOODS,150.0,150.89175675675676,44517.89,299.0,0.0059099103617323845,0.19409008963826763,8640.481260606537
PRM HMT RAW RICE 26KG BAG GAJANAN,1799.0,1808.5454545454545,43428.0,24.0,0.005277973258268842,0.19472202674173117,8456.3881773399
PREMIUM MILK BREAD 400g SPENCERS AKSHAYA  FOODS,55.0,55.0,43120.0,784.0,0.0,0.2,8624.0
VAMPOOSA 250g VELLANKI FOODS,140.0,141.89788732394365,42759.0,301.0,0.013375021712697555,0.18662497828730246,7979.897446586766
JANTHIKALU 250g VELLANKI FOODS,150.0,150.6515436241611,42697.41,286.0,0.0043248386872591915,0.19567516131274082,8354.822589386235
GONGURA(PUNTIKURA),59.0,67.78065934065934,42112.0,630.23,0.12954520398700398,0.07045479601299603,2966.992369699289
DR GOOD EGGS CAROTENOID 12 PACK,150.0,155.8237762237762,42003.6,272.0,0.03737411815391234,0.16262588184608767,6830.872490710328
DOSA BATTER MIX 900g DSL,80.0,80.0,41680.0,522.0,0.0,0.2,8336.0
BROWN ANJEER BOX TURKEY,129.0,129.0,41151.0,319.0,0.0,0.2,8230.2
MALLIKA MANGO Kg LOOSE,129.0,146.29580645161292,40468.19,278.05,0.11822489564889527,0.08177510435110474,3309.2904601503337
CARRY BAG 8Kg HOLDING CAPACITY,12.0,11.99950819672131,40185.6,3350.0,-4.0985286282380073e-05,0.2000409852862824,8038.767018320429
CALIFORNIAN ALMOND PREMIUM KG FLYBERRY,1800.0,1797.6623376623377,39896.82,22.2,-0.0013003901170351995,0.2013003901170352,8031.245430429132
PANEER 200G ID FRESH,125.0,133.1818181818182,39895.0,302.0,0.061433447098976135,0.13856655290102388,5528.112627986347
BOONDI LADDU 250g VELLANKI FOODS,155.0,155.97560975609755,39465.0,257.0,0.006254886630179812,0.1937451133698202,7646.150899139954
MEDJOUL DATES LARGE FLYBERRY loose kgs,1999.0,1979.9117857142858,39455.28,20.02,-0.009640941795206137,0.20964094179520615,8271.442057993561
DR GOOD EGGS CAROTENOID 30 PACK,360.0,373.0120481927711,38904.0,105.0,0.03488372093023262,0.1651162790697674,6423.68372093023
CURD POUCH 400g MILKY MIST,42.0,41.93760233918129,38764.0,929.0,-0.0014878690563675523,0.20148786905636756,7810.475756101032
CHAMA DUMPA,38.0,45.53508196721312,38453.09,859.72,0.16547860773894385,0.03452139226105616,1327.454203539696
ULAVACHARU 250g HASSTA,103.0,102.87919463087249,38286.0,372.0,-0.0011742448952964946,0.2011742448952965,7702.157140061322
EGGS 12PS FARM MADE FREE RANGE U N V,289.0,289.0,37859.0,131.0,0.0,0.2,7571.8
MIXTURE 250g VELLANKI FOODS,145.0,145.88518518518518,37369.5,257.0,0.006067683871131546,0.19393231612886846,7247.15368757775
FLYBERRY MEDJOUL MAJESTIC DATES 400g BOX,999.0,999.0,36963.0,37.0,0.0,0.2,7392.6
BLACK SEEDED GRAPES,214.0,244.77678571428572,36073.39,158.4,0.12573408717855195,0.07426591282144807,2679.0232369140963
PANEER 200g SINGLE BLOCK MILKY MIST,128.0,127.94406779661017,35820.2,280.0,-0.0004371613655331785,0.2004371613655332,7179.699207545671
PUDHINA,54.0,63.56256830601093,35355.33,556.6,0.1504433908330074,0.049556609166992616,1752.0902707800492
CASHEW 320 KG FLYBERRY,1150.0,1150.0,34506.9,29.98,0.0,0.2,6901.380000000001
GHEE ARISELU 250g VELLANKI FOODS,170.0,171.14678899082568,33515.0,196.0,0.006700616456713937,0.19329938354328607,6478.428839453233
WALNUT REGULAR  KGS FLYBERRY,1800.0,1797.01,32957.28,18.41,-0.0016638749923483243,0.20166387499234834,6646.292794007822
RIBBON PAKODI 250g VELLANKI FOODS,140.0,141.96850393700788,32950.0,232.0,0.01386577925679433,0.18613422074320568,6133.1225734886275
BOONDI 250g VELLANKI FOODS,145.0,145.5888888888889,32914.0,226.0,0.004044875219415545,0.19595512478058447,6449.666977028157
ORGANIC MALAI PANEER 200g AKSHAYAKALPA,140.0,139.85593220338984,32593.0,233.0,-0.0010301157365326663,0.20103011573653268,6552.174562200809
EGGS 6PC FARM MADE FREE RANGE U N V,149.0,149.0,31290.0,210.0,0.0,0.2,6258.0
RAW PEANUT 1KG,170.0,169.80180180180182,29674.0,175.0,-0.0011672325976230802,0.2011672325976231,5969.436460101868
G ELAICHI 50g,235.0,235.0,29610.0,127.0,0.0,0.2,5922.0
DOODH PEDA 200g HERITAGE,122.0,124.64179104477611,29419.0,236.0,0.021195066459106626,0.17880493354089338,5260.262339839543
SIMLA APPLE,204.0,210.63451612903225,29255.1,142.4,0.03149776328665921,0.1685022367133408,4929.549785272457
CORN FLAKES MIXTURE250g VELLANKI FOODS,135.0,136.9035714285714,28884.7,211.0,0.013904468734510567,0.18609553126548944,5375.313591944283
BUFFALO CURD 400g SIDS FARM,85.0,85.0,28815.0,339.0,0.0,0.2,5763.0
GOLD DROP SUNFLOWER OIL 1Lt pouch,156.0,158.46666666666667,28504.2,180.0,0.015565839293226746,0.18443416070677326,5257.148203618007
FLYBERRY DREAMY DERI DATES 220g,399.0,399.0,27930.0,70.0,0.0,0.2,5586.0
WHOLE MEAL BROWN BREAD 400g SPENCERS AKSHAYA FOODS,55.0,55.0,27445.0,499.0,0.0,0.2,5489.0
CHINTA CHIGURU,436.0,475.4939622641509,27442.06,58.76,0.08305880915100006,0.11694119084899995,3209.107175749708
PISTA GREEN SHELLED KG FLYBERRY,3100.0,3097.3214285714284,27287.05,10.14,-0.000864802536754139,0.20086480253675415,5481.007910060537
ROASTED SALTED PISTA KG FLYBERRY,1900.0,1899.6560273972605,27159.99,14.81,-0.0001810709927370091,0.20018107099273702,5436.915886352028
BACHALAKURA,58.805,67.72224719101123,27139.46,398.01,0.13167382301801145,0.06832617698198856,1854.3355471555992
Royalaga Pack of 4,137.0,148.05042016806723,27061.0,182.0,0.07463957316380976,0.12536042683619025,3392.3785106141445
GARLIC PEELED BOX,64.0,64.22139072847682,26630.8,415.0,0.0034473051107355435,0.19655269488926447,5234.355507057024
BOONDI MITAI ATCHU 250g VELLANKI FOODS,150.0,152.52336448598132,25870.0,170.0,0.016544117647058876,0.18345588235294114,4746.003676470587
SPECIAL  LONG LIFE MILK 500ML HERITAGE,34.0,34.130434782608695,25423.0,747.0,0.003821656050955413,0.1961783439490446,4987.442038216561
CASHEW BROKEN 2 PIECE  KGSFLYBERRY,1100.0,1100.0,25410.0,23.45,0.0,0.2,5082.0
BABY POTATO,44.0,51.185878378378376,25345.3,499.22,0.14038790787682942,0.05961209212317059,1510.8863584893954
CHICOOS(Sapota),68.264,83.0416091954023,25203.0,308.55,0.17795427302750877,0.022045726972491242,555.6184568876968
RAW PEANUT500g,90.0,90.17553191489361,24895.5,280.0,0.0019465581313041769,0.19805344186869583,4930.639462042117
BLACK GRAPES,115.0,132.47209523809522,24874.17,185.14,0.13189264657354605,0.06810735342645396,1694.1138873796983
DOUBLE HORSE URAD ROUND 1KG,190.0,189.4805194805195,24720.0,130.0,-0.002741603838245288,0.2027416038382453,5011.772446881424
TOOR DAL PRM UNPOLISHED FATKA 1KG,165.0,164.89361702127658,24365.0,147.0,-0.00064516129032266,0.20064516129032267,4888.719354838712
SET CURD 1kg BUCKET MILKY MIST,120.0,120.0,24120.0,201.0,0.0,0.2,4824.0
KIMIA DATES PLASTIC BOX 400G ORIGINAL,219.0,251.76923076923077,23985.0,95.0,0.1301558203483043,0.0698441796516957,1675.2126489459215
NUVVULA CHIKKI 250g VELLANKI FOODS,155.0,156.23595505617976,23915.0,153.0,0.007910823444803983,0.19208917655519603,4593.812657317513
PUMPKIN SEEDS KG FLYBERRY,1100.0,1096.9850537634409,23855.56,21.79,-0.0027483931765668324,0.20274839317656684,4836.6764583271815
Red Banana,119.0,123.74572368421052,23570.56,190.12,0.038350607543588655,0.16164939245641136,3810.1667038573914
TOOR  DAL FATKA POLISHED 1kg,160.0,160.8804347826087,23307.0,145.0,0.005472603202486326,0.19452739679751369,4533.850037159651
FREEDOM RICE BRAN 1LTR,156.0,156.2183908045977,22978.0,147.0,0.0013979839599734811,0.19860201604002653,4563.477124567729
BABY CORN PEELED,39.0,39.0,22932.0,588.0,0.0,0.2,4586.400000000001
NUTRI+ WITH IMMUNITY BOOSTERS - 30 EGGS TRAY ABHI EGGS,395.0,395.0,22910.0,58.0,0.0,0.2,4582.0
VENNA VUNDALU 250GMS VELLANKI FOODS,145.0,146.34259259259258,22545.0,154.0,0.00917431192660545,0.19082568807339456,4302.16513761468
MANGO JELLY ROLLS 250g VELLANKI FOODS,150.0,152.0212765957447,22480.0,148.0,0.013296011196641144,0.18670398880335887,4197.105668299508
COW GHEE 350g SIDS FARM,500.0,502.7027027027027,22100.0,44.0,0.005376344086021501,0.1946236559139785,4301.1827956989255
NAVARATAN MIXTURE 250g VELLANKI FOODS,155.0,156.4,21785.0,139.0,0.008951406649616356,0.19104859335038366,4161.993606138108
DILKUSH GRAPES KG LOOSE,126.0,147.41287878787878,21595.82,146.14,0.14525785646375622,0.05474214353624379,1182.2014782228844
IDLY BATTER 900g DSL,80.0,80.0,21280.0,266.0,0.0,0.2,4256.0
WHOLE WHEAT BREAD 400g  SPENCERS AKSHAYA FOODS,55.0,55.0,21065.0,383.0,0.0,0.2,4213.0
DALMOTI 250g VELLANKI FOODS,150.0,151.91489361702128,20920.0,138.0,0.012605042016806678,0.18739495798319333,3920.3025210084047
JEERA 200g,125.0,125.0,20625.0,165.0,0.0,0.2,4125.0
SWEET CORN SEED,50.0,50.0,20500.0,410.0,0.0,0.2,4100.0
LANGADA MANGO KG LOOSE,214.0,214.0,20394.18,95.32000000000001,0.0,0.2,4078.8360000000002
SANNAPOOSA 250g VELLANKI FOODS,140.0,141.9387755102041,20310.0,143.0,0.013659237958303483,0.18634076204169653,3784.5808770668564
MASALA PALLI 250GMS VELLANKI FOODS,150.0,150.83333333333334,20220.0,134.0,0.005524861878453136,0.19447513812154688,3932.287292817678
CURD CUP 400GHERITAGE,45.0,46.06587209302325,20063.0,438.0,0.02313799879596068,0.17686200120403933,3548.3823301566413
ABC CANE JUICE,100.0,100.0,20000.0,200.0,0.0,0.2,4000.0
NETHI BHERAKAI,54.0,58.45363095238095,19950.29,341.48,0.07619083502287627,0.12380916497712374,2470.028745951462
CALIFORNIAN ALMOND REGULAR KG  FLYBERRY,1050.0,1050.0,19940.55,18.98,0.0,0.2,3988.11
GOLDEN COW GHEE 500 ML HERITAGE,375.0,375.0,19875.0,53.0,0.0,0.2,3975.0
TOTAL CURD 120GMS HERITAGE,10.0,10.0,19790.0,1979.0,0.0,0.2,3958.0
KAJJIKAYALU 250g VELLANKI FOODS,145.0,146.16666666666666,19015.0,130.0,0.007981755986316896,0.19201824401368311,3651.2269099201844
FREEDOM SUNFLOWER OIL 5LT,801.0,794.0347826086957,18903.6,24.0,-0.00877192982456143,0.20877192982456144,3946.5410526315795
VITAMIN D3 IMMUNITY BOOSTER 30PC PACK ABHI EGGS,450.0,450.0,18900.0,42.0,0.0,0.2,3780.0
DRIED BLUEBERRY KG FLYBERRY,2600.0,2599.056603773585,18805.4,7.21,-0.0003629764065335994,0.2003629764065336,3767.9059165154276
KP MALABAR  PAROTA 5PC ID FRESH,105.0,104.93333333333334,18682.0,178.0,-0.0006353240152476847,0.2006353240152477,3748.2691232528573
BADAM FLAVOURED MILK 180ML  PP BOTTLE HERITAGE,30.0,30.0,18420.0,614.0,0.0,0.2,3684.0
BUFFALO GHEE 350g SIDS FARM,400.0,406.2162162162162,18230.0,45.0,0.015302727877578137,0.18469727212242187,3367.0312707917506
MILKSHAKE CHOCOLATE 180ml EPIGAMIA,40.0,39.967785234899324,18150.4,454.0,-0.0008060182697475771,0.2008060182697476,3644.709554003227
TAMARIND SEEDLESS 500g SRI SIVA RUDRA EVR,150.0,157.636,17571.75,116.0,0.048440711512598655,0.15155928848740136,2663.161927478495
CURD 135g POUCH MILKY MIST,10.0,10.0,17530.0,1753.0,0.0,0.2,3506.0
URAD ROUND UN POLISHED 1kg,165.0,163.20192307692307,17019.75,104.0,-0.011017498379779722,0.21101749837977973,3591.465068049256
FREEDOM GROUNDNUTOIL 1LT,156.0,163.22535211267606,16962.0,104.0,0.04426611441884554,0.15573388558115447,2641.558167227542
BASMATHI RICE 1KG,140.0,140.0,16940.0,121.0,0.0,0.2,3388.0
FlyberryBrazilNut,3500.0,3500.0,16905.0,4.82,0.0,0.2,3381.0
COW GHEE 250G VELLANKI FOODS,225.0,225.0,16650.0,74.0,0.0,0.2,3330.0
KOBBARI VUNDALU 250g VELLANKI FOODS,130.0,132.11111111111111,16120.0,123.0,0.015979814970563555,0.18402018502943646,2966.4053826745157
AGMARK GHEE 500 ML HERITAGE,375.0,374.5945945945946,16110.0,43.0,-0.0010822510822510178,0.20108225108225103,3239.435064935064
BOORELU 250g VELLANKI FOODS,150.0,151.01190476190476,15735.0,104.0,0.006700827749310245,0.19329917225068977,3041.5624753646034
ORGANIC-PROBIOTIC CURD AKSHAYAKALPA,55.0,55.0,15675.0,285.0,0.0,0.2,3135.0
VELLANKI JOWARI FLAKES 250G,150.0,154.30522388059703,15528.45,101.0,0.027900700782032217,0.1720992992179678,2672.435362941252
KAJU PAKODI 250g VELLANKI FOODS,225.0,226.72413793103448,15420.0,68.0,0.0076045627376425395,0.19239543726235747,2966.7376425855523
SINGLE POLISH RICE 5Kg,395.0,395.0,15405.0,39.0,0.0,0.2,3081.0
ICE BERG ENGLISH ITEM SAMBERRY,208.0,227.06798387096774,15235.21,67.31,0.08397477947310794,0.11602522052689207,1767.6686000235113
WHEAT CHAPATI 390G 10PC ID FRESH,79.0,78.99130434782609,14929.0,192.0,-0.00011008366358433719,0.20011008366358435,2987.4434390136507
ENG ITEM GREEN LETTUCE SAMBERRY,223.0,256.41289940828403,14676.64,56.96,0.13030896450759666,0.06969103549240335,1022.8302391492267
BELLAM SUNNIVUNDALU 250g VELLANKI FOODS,170.0,171.28571428571428,14550.0,85.0,0.007506255212677226,0.19249374478732278,2800.7839866555464
ALPHONSO MANGO PC RATNAGIRI,134.0,142.625,14541.0,105.0,0.060473269062226165,0.13952673093777385,2028.8581945661695
ENG ITEM COLOUR CABBAGE SAMBERRY,193.0,207.45624999999998,14381.61,69.23,0.06968336697496458,0.13031663302503543,1874.16299267918
BANDARU HALWA 250g VELLANKI FOODS,170.0,170.90277777777777,14355.0,84.0,0.005282405526208844,0.19471759447379117,2795.171068671272
TAPESWARAM KAJA 250g VELLANKI FOODS,140.0,142.0,14340.0,101.0,0.014084507042253502,0.1859154929577465,2666.028169014085
SPICY ALOO CHIPS 100g VELLANKI FOODS,60.0,63.771929824561404,14325.0,227.0,0.05914718019257226,0.14085281980742775,2017.7166437414025
SAMBAR Â ONION,36.0,39.22586666666667,14163.039999999999,362.21999999999997,0.08223825095005344,0.11776174904994657,1667.8643622643551
VELLANKI JONNA MURKULU 250G,150.0,154.66666666666666,13975.0,91.0,0.030172413793103425,0.16982758620689659,2373.34051724138
LAL MICHI WITHOUT STEM 200G EVR,115.0,114.12790697674419,13840.0,121.0,-0.007641365257259336,0.20764136525725935,2873.7564951604695
KABULI CHANA 500g,120.0,119.92405063291139,13794.0,115.0,-0.0006333122229258414,0.20063331222292585,2767.535908803039
VELLANKI MILLET MIXTURE 250g,135.0,139.92605633802816,13769.5,98.0,0.035204710737562595,0.16479528926243742,2269.148735499132
AVOCADO LOCAL,199.0,231.9487142857143,13517.87,59.01,0.1420517220247579,0.0579482779752421,783.337288393186
GROUND NUT OIL 1Lt. COLD PRESSED MESMARA,420.0,420.0,13440.0,32.0,0.0,0.2,2688.0
AMRUTHA - A2 ORGANIC CURD. 500g AKSHAYAKALPA,70.0,70.0,13300.0,190.0,0.0,0.2,2660.0
WHEAT PAROTA 5PC 400G ID FRESH,110.0,109.87974683544304,13287.5,121.0,-0.0010944070042047116,0.20109440700420472,2672.0419330683703
MULBERY BOX PACK ANAND,84.0,84.0,13020.0,155.0,0.0,0.2,2604.0
CHOUSA MANGO KG LOOSE,214.0,229.1764705882353,13006.95,57.57,0.06622176591375772,0.1337782340862423,1740.0468018480492
VELLANKI MULTI SEEDS CHIKI 250g,235.0,238.94736842105263,12880.0,54.0,0.016519823788546217,0.1834801762114538,2363.224669603525
CASHEW TIKKA FLAVOUR FLYBERRY,1800.0,1800.0,12682.8,7.05,0.0,0.2,2536.56
DRIED CRANBERRY WHOLE KG FLYBERRY,1100.0,1100.0,12562.0,11.43,0.0,0.2,2512.4
ORGANIC CURD. 1KG TUB AKSHAYAKALPA,155.0,155.0,12555.0,81.0,0.0,0.2,2511.0
POMEGRANATE JUICE,180.0,180.0,12420.0,69.0,0.0,0.2,2484.0
PALLI PEANUT VUNDALU 250g VELLANKI FOODS,150.0,150.95238095238096,12400.0,82.0,0.006309148264984299,0.1936908517350157,2401.766561514195
NUVVUNDALU 250g VELLANKI FOODS,155.0,157.25352112676057,12280.0,78.0,0.014330497089117822,0.1856695029108822,2280.0214957456333
JACK FRUIT SEEDS ANAND,84.0,84.0,12180.0,145.0,0.0,0.2,2436.0
SUNFLOWER SEEDS KG FLYBERRY,950.0,950.0,12082.1,12.73,0.0,0.2,2416.42
FREEDOM SUNFLOWER OIL PET 1LT,160.0,168.07692307692307,12080.0,72.0,0.048054919908466776,0.15194508009153324,1835.4965675057215
AASHIRVAAD ATTA 1KG,70.0,72.46428571428571,12058.0,167.0,0.0340068999507146,0.1659931000492854,2001.5448003942836
VELLANKI VAM MURKULU 250g,150.0,152.79333333333335,12057.6,79.0,0.018281774946551033,0.18171822505344898,2191.0856704044663
VELLANKI HEALTHY LADDU 250G,175.0,177.12765957446808,12010.0,70.0,0.012012012012011963,0.18798798798798805,2257.7357357357364
SUGAR 1 KG,52.0,52.962406015037594,11764.0,223.0,0.01817149346961955,0.18182850653038046,2139.030550823396
chinna menthi,89.0,88.53488372093024,11743.22,132.79,-0.005253480430785329,0.20525348043078534,2410.3367764644067
Kashmir Comb Honey 500g BT,1170.0,1170.0,11700.0,10.0,0.0,0.2,2340.0
MYSORE PAK 250g HARD VELLANKI FOODS,145.0,147.22222222222223,11625.0,79.0,0.015094339622641506,0.1849056603773585,2149.5283018867926
VELLANKI MILLET MURKULU 250g,125.0,129.19354838709677,11585.0,91.0,0.03245942571785265,0.16754057428214736,1940.9575530586771
POHA MEDIUM 500g,50.0,54.36184210526316,11552.25,212.0,0.08023720198475126,0.11976279801524875,1383.5297833716575
AK ORGANIC HIGH PROTEIN PANEER 200g,160.0,169.7560975609756,11520.0,68.0,0.05747126436781602,0.142528735632184,1641.9310344827595
FREEDOM SUNFLOWER OIL PET 2LT,330.0,352.88851851851854,11375.99,32.0,0.06486047949252682,0.1351395205074732,1537.3458338978098
WORKOUT TRAIL MIX KG FLYBERRY,1600.0,1600.0,11347.2,7.08,0.0,0.2,2269.44
MOONG GREEN 500g,90.0,88.18855421686746,11338.94,129.0,-0.020540599618834365,0.22054059961883438,2500.696626641986
BESAN 500g,70.0,69.98118279569893,11336.5,167.0,-0.00026888948642112,0.20026888948642113,2270.348265662813
TAMARIND 500g,115.0,115.96774193548387,11245.0,97.0,0.00834492350486793,0.19165507649513208,2155.1613351877604
MOONG DAL1kg,160.0,160.0,11200.0,70.0,0.0,0.2,2240.0
FLYBERRY STRAWBERRY DEHYDRATED REGULAR,1600.0,1600.0,11113.6,6.96,0.0,0.2,2222.7200000000003
SUNFLOWER OIL 1Lt COLD PRESSED JIVIKA ORGANICS,460.0,460.0,11040.0,24.0,0.0,0.2,2208.0
KURNOOL MURMURA 500g,79.0,80.6896551724138,10948.0,136.0,0.020940170940170977,0.17905982905982903,1960.3470085470083
BELLAM KOMMULU 250g VELLANKI FOODS,135.0,137.06349206349208,10845.0,79.0,0.015055008685582072,0.18494499131441794,2005.7284308048625
IDLY RAVA1KG,65.0,64.71875,10799.75,167.0,-0.004345726702076336,0.20434572670207635,2206.882761950749
JAGGERY KESAR 900G,90.0,95.58641791044776,10681.0,112.0,0.05844363699957378,0.14155636300042623,1511.9635132075525
MILLET MOONG MIX 250g VELLANKI,150.0,154.16666666666666,10650.0,69.0,0.027027027027026973,0.17297297297297304,1842.1621621621628
GREEK YOGURT BLUEBERRY 90g EPIGAMIA,60.0,60.0,10620.0,182.0,0.0,0.2,2124.0
MODERN 100% WHOLE WHEAT BREAD 400G,55.0,55.0,10450.0,191.0,0.0,0.2,2090.0
Akshayakalpa Organic Ghee 490ml,789.0,792.3333333333334,10307.0,13.0,0.0042069835927640575,0.19579301640723595,2018.0386201093809
CHEESE SLICES 200g AMUL 10PC PACK,145.0,145.7225,10199.57,72.0,0.004958053835200427,0.19504194616479958,1989.3439828441049
VITAMIN D3  WITH IMMUNITY BOOSTERS - 6 EGGS PACK  ABHI EGGS,94.0,94.0,10152.0,108.0,0.0,0.2,2030.4
NANDA OSMANIA COOKIES 300g,64.0,70.80928571428572,10148.64,143.0,0.09616373962252744,0.10383626037747257,1053.7968255172332
KOVA KAJJIKAYALU 250g VELLANKI FOODS,180.0,182.12765957446808,10040.0,55.0,0.011682242990654235,0.18831775700934578,1890.7102803738317
DESI COW GHEE 500ml JIVIKA ORGANICS,999.0,999.0,9990.0,10.0,0.0,0.2,1998.0
GREEK YOGURT NATURAL 90g EPIGAMIA,55.0,58.62068965517241,9975.0,170.0,0.061764705882352944,0.13823529411764707,1378.8970588235295
SHAH JEERA 50g,80.0,84.0506329113924,9960.0,119.0,0.04819277108433728,0.15180722891566273,1512.0000000000007
MOUSAMBI JUICE,90.0,90.0,9900.0,110.0,0.0,0.2,1980.0
FLYBERRY MINI MEDJOUL DATES 200g BOX,399.0,412.04347826086956,9876.0,24.0,0.03165558721114281,0.1683444127888572,1662.5694207027536
MILK SHAKE STRAWBERRY 180ml EPIGAMIA,40.0,39.95,9866.0,247.0,-0.0012515644555692873,0.2012515644555693,1985.5479349186467
PEANUT OIL 1LT COLD PRESSED JIVIKA ORGANICS,490.0,490.0,9800.0,20.0,0.0,0.2,1960.0
MODERN MILK PLUS BREAD 450g,55.0,55.0,9790.0,178.0,0.0,0.2,1958.0
WHEAT RAWA MEDIUM 500g,45.0,45.0,9720.0,216.0,0.0,0.2,1944.0
JAVATRI 50g,180.0,180.0,9720.0,54.0,0.0,0.2,1944.0
LAL MIRCHI WITH STEM 200G EVR,105.0,102.94805194805195,9712.0,96.0,-0.01993187839031152,0.21993187839031153,2135.9784029267057
MILK SHAKE CHOCOLATE 220ML MILKY MIST,40.0,39.88979591836735,9691.2,243.0,-0.0027627135986902918,0.2027627135986903,1965.0140100276276
NATURAL ROCK SALT 1Kg JIVIKA ORGANICS,110.0,114.0625,9680.0,85.0,0.03561643835616435,0.16438356164383566,1591.2328767123292
GREEK YOGURT 85g  ALPHONSO MANGO  EPIGAMIA,60.0,59.26829268292683,9660.0,162.0,-0.012345679012345734,0.21234567901234574,2051.25925925926
KHUS KHUS 50G,120.0,122.37704918032787,9565.0,78.0,0.01942397856664435,0.18057602143335566,1727.2096450100469
SESAME OIL 1Lt COLD PRESSED JIVIKA ORGANICS,525.0,525.0,9450.0,18.0,0.0,0.2,1890.0
CHIA SEEDS KGS FLYBERRY,850.0,850.0,9326.2,11.17,0.0,0.2,1865.2400000000002
BOMBAY RAWA1Kg,65.0,64.96388888888889,9031.75,139.0,-0.0005558643690939391,0.20055586436909395,1811.3704280155644
FlyberryMelonSeeds,1000.0,1000.0,9004.0,9.15,0.0,0.2,1800.8000000000002
MOONG DAL 500G,80.0,80.0,8960.0,112.0,0.0,0.2,1792.0
ZUCCHIINI GREEN ENGLISH ITEM SAMBERRY,193.0,214.17845360824742,8914.9,41.15,0.09888227901292446,0.10111772098707555,901.4543708276798
AKSHAYA MULTI FLORAL RAW HOENY 250g,180.0,193.02325581395348,8880.0,46.0,0.06746987951807226,0.13253012048192775,1176.8674698795185
GAJANAN TELANGANA SONA RICE 5Kg,350.0,336.6666666666667,8820.0,26.0,-0.03960396039603964,0.23960396039603965,2113.3069306930697
APRICOTS ORANGE TURKISH KG FLYBERRY,1600.0,1598.7179487179487,8816.85,5.54,-0.000801924619085792,0.2008019246190858,1770.4404490777868
VELLANKI  PESARA MURKULU 250G,150.0,152.5,8670.0,59.0,0.016393442622950838,0.18360655737704917,1591.8688524590164
CHEESE SLICE 100G MILKY MIST,79.0,78.74369047619048,8664.47,110.0,-0.0032549849043082,0.2032549849043082,1761.0967190538313
JAGGERY KESAR 450G,50.0,51.27835051546392,8600.0,169.0,0.024929634097306086,0.17507036590269393,1505.6051467631678
CHEESE SLICES 200g MILKYMIST,149.0,149.47727272727272,8514.0,57.0,0.003192945111753054,0.19680705488824696,1675.6152653185345
SPICE BUTTER MILK 200ml UHT AKSHAYA KALPA,30.0,30.0,8430.0,281.0,0.0,0.2,1686.0
GINGER GARLIC PASTE 250G VELLANKI FOODS,115.0,116.42857142857143,8370.0,72.0,0.012269938650306789,0.18773006134969322,1571.3006134969323
GREEK YOGURT STRAWBERRY 85g EPIGAMIA,60.0,60.0,8340.0,139.0,0.0,0.2,1668.0
WATERMELON JUICE,50.0,50.0,8250.0,165.0,0.0,0.2,1650.0
PRM HMT RICE 26KG BAG GAJANAN,1630.0,1642.0,8210.0,5.0,0.0073081607795371095,0.1926918392204629,1582.0000000000005
SUNFLOWER OIL 1LT COLD PRESSED MESMARA,540.0,542.5714285714286,8145.0,15.0,0.004739336492890933,0.19526066350710908,1590.3981042654034
RAGI FLOUR 500G,45.0,48.05102040816327,8124.0,169.0,0.06349543427479298,0.13650456572520703,1108.9630919515819
Raw Forest Honey 500g BT,369.0,369.0,8118.0,24.0,0.0,0.2,1623.6000000000001
GAJANAN ORANGE PRM HMT RICE 5Kg,385.0,385.0,8085.0,21.0,0.0,0.2,1617.0
NUTRI+ WITH IMMUNITY BOOSTERS - 6 EGGS PACK ABHI EGGS,84.0,84.0,8064.0,96.0,0.0,0.2,1612.8000000000002
SPECIAL LONG LIFE COW MILK 180ML HERITAGE,12.0,12.4858125,7878.39,634.0,0.03890916189875504,0.16109083810124497,1269.1364479884674
FRIED GRAM PUTANA 250g,45.0,44.97794117647059,7827.75,174.0,-0.0004904364884747991,0.2004904364884748,1569.3890142226587
DRY COCONUT 250G EVR,125.0,138.47826086956522,7820.0,56.0,0.09733124018838302,0.102668759811617,802.8697017268449
IMP Orange Juices,150.0,150.0,7800.0,52.0,0.0,0.2,1560.0
SONA MASURI TELANGANA STEAM RICE 26KG GAJANAN,1530.0,1550.0,7750.0,5.0,0.012903225806451646,0.18709677419354837,1449.9999999999998
INDIAN RAISINSGOLDEN KGS FLYBERRY,600.0,600.0,7728.0,12.86,0.0,0.2,1545.6000000000001
JUJUBIES FLYBERRY,600.0,597.8906024096385,7689.14,13.05,-0.0035280661409631264,0.20352806614096314,1564.9557944871253
PANEER 500g MILKY MIST,320.0,319.1304347826087,7660.0,24.0,-0.0027247956403269047,0.20272479564032692,1552.8719346049043
MANGO PICKLE 250G VELLANKI FOODS,120.0,119.8936170212766,7555.0,63.0,-0.0008873114463177068,0.20088731144631772,1517.7036379769304
PONAGANTI KURA,66.0,70.63070921985816,7518.32,107.18,0.06556226421914813,0.13443773578085189,1010.7459176758944
CHANA DAL 500g,65.0,65.24096385542168,7445.0,115.0,0.003693444136657398,0.1963065558633426,1461.5023084025859
GREEK YOGURT WILD RASBERRY 85g EPIGAMIA,60.0,62.09290697674418,7409.99,120.0,0.03370605562931761,0.1662939443706824,1232.2364648473128
STRAWBERRY FLAVOURED MILK 180ML HERITAGE,28.0,28.978070175438596,7336.0,254.0,0.033752081126078415,0.1662479188739216,1219.594732859089
DISCO PUMPKIN,32.0,37.86448275862069,7251.85,184.34,0.1548808363765516,0.04511916362344842,327.19740672270444
TABLE BUTTER 100g HERITAGE,60.0,60.25974025974026,7228.0,120.0,0.004310344827586299,0.1956896551724137,1414.4448275862062
JAGGERY POWDER 500g JIVIKA ORGANICS,95.0,95.0,7220.0,76.0,0.0,0.2,1444.0
NANDA MUFFIN VANILLA 240g,67.0,73.6,7187.0,97.0,0.08967391304347816,0.11032608695652185,792.9135869565225
GAJANAN ORANGE PRM HMT RAW RICE 5Kg,420.0,420.0,7140.0,17.0,0.0,0.2,1428.0
PISTA FLAVOURED MILK 200ML HERITAGE,30.0,30.0,7080.0,236.0,0.0,0.2,1416.0
DALCHINI 50g,60.0,60.0,7080.0,118.0,0.0,0.2,1416.0
BROWN CHANA 500g,65.0,65.0,7020.0,108.0,0.0,0.2,1404.0
CORIANDER 200g,65.0,67.5,6945.0,103.0,0.03703703703703709,0.16296296296296292,1131.7777777777774
PINE APPLE JUICE,100.0,100.0,6900.0,70.0,0.0,0.2,1380.0
GREEK YOGURT ALPHONSO MANGO SMOOTHIE 180ml EPIGAMIA,80.0,78.70967741935483,6880.0,87.0,-0.016393442622950838,0.21639344262295085,1488.7868852459019
JIVIKA RED CHILLI POWDER 200GMS,170.0,170.0,6800.0,41.0,0.0,0.2,1360.0
PASUPU KOMMULU,152.0,183.64474074074076,6793.03,37.56,0.17231498497098274,0.027685015029017268,188.06513764256516
AFGHANI RAISINS KGS FLYBERRY,690.0,689.9996153846155,6628.14,9.61,-5.574139114727927e-07,0.20000055741391148,1325.6316946174434
L G HING 50g,85.0,95.32727272727273,6603.0,69.0,0.10833492275414836,0.09166507724585166,605.2645050543584
BLACK PEPPER WHOLE 50G,75.0,75.0,6600.0,88.0,0.0,0.2,1320.0
GINGER PICKLE 250G VELLANKI FOODS,115.0,116.35135135135135,6530.0,56.0,0.011614401858304313,0.1883855981416957,1230.157955865273
VELLANKI MILLET BOONDI ACTHU 250g,150.0,152.1875,6530.0,43.0,0.014373716632443578,0.18562628336755643,1212.1396303901436
CURD CUP 200G HERITAGE,25.0,25.0,6525.0,262.0,0.0,0.2,1305.0
MINI MEDJOUL FLYBERRY loose kgs,1250.0,1248.235294117647,6517.84,5.2299999999999995,-0.001413760603204528,0.20141376060320454,1312.7826654099906
RICE FLOUR 500G,40.0,47.94871794871795,6495.0,135.0,0.1657754010695187,0.0342245989304813,222.28877005347604
SOYA CHUNKS MEDIUM 200G EVR,55.0,56.91011235955056,6485.0,115.0,0.033563672260611965,0.16643632773938805,1079.3395853899315
OUTSIDE YELLOW MELON Kg,39.9,39.9,6451.6,161.7,0.0,0.2,1290.3200000000002
NANDA MUFFIN FRUIT 240g,67.0,73.67673913043478,6427.25,87.0,0.0906220770522228,0.1093779229477772,702.999255266101
CHEESE SLICES 100g AMUL 5PC PACK,85.0,85.57142857142857,6415.0,75.0,0.006677796327211993,0.19332220367278802,1240.1619365609351
AASHIRVAD MULITGRAIN ATTA 1KG,83.0,83.0,6391.0,77.0,0.0,0.2,1278.2
PLAIN BUTTER MILK 200ML UHT AKSHAYA KALPA,30.0,29.680851063829788,6330.0,212.0,-0.010752688172043001,0.210752688172043,1334.0645161290322
VELLANKI AVISELA  CHIKKI 250G,145.0,148.1578947368421,6240.0,42.0,0.02131438721136769,0.17868561278863232,1114.9982238010657
CLOVES 50g,90.0,90.0,6210.0,69.0,0.0,0.2,1242.0
RICE RAVA IDLY BATTER 1KG ID FRESH,95.0,93.13725490196079,6175.0,66.0,-0.020000000000000018,0.22000000000000003,1358.5000000000002
COOKING BUTTER 100G MILKY MIST,75.0,74.85267857142857,6141.75,82.0,-0.0019681517266059156,0.20196815172660593,1240.437895866882
GREEK YOGURT BLUEBERRY SMOOTHIE 180ml EPIGAMIA,80.0,80.0,6000.0,75.0,0.0,0.2,1200.0
DOSE WITH IMMUNITY BOOSTERS - 6 EGGS PACK ABHI EGGS,125.0,125.0,6000.0,48.0,0.0,0.2,1200.0
FRUIT N NUT 150g DARK CHOCOLATE AMUL,200.0,199.2,5980.0,30.0,-0.004016064257028162,0.20401606425702817,1220.0160642570286
AASHIRVAD SELECT ATTA 1KG,83.0,83.0,5976.0,72.0,0.0,0.2,1195.2
PASTEURISED BUTTER 100g AMUL,60.0,61.39622641509434,5954.0,97.0,0.022741241548862923,0.1772587584511371,1055.3986478180702
POOJA GINGELLY OIL 1LTR,270.0,270.0,5940.0,22.0,0.0,0.2,1188.0
Banana Stem,29.0,29.0,5916.0,204.0,0.0,0.2,1183.2
MODERN SANDWICH SUPREME BREAD 400g,55.0,55.0,5830.0,109.0,0.0,0.2,1166.0
MILK SHAKE STRAWBERRY 180ML MILKY MIST,40.0,39.88732394366197,5788.0,145.0,-0.0028248587570622874,0.2028248587570623,1173.9502824858766
RED CHERRY FLYBERRY,590.0,589.4242622950819,5771.13,9.78,-0.000976779786221016,0.20097677978622103,1159.8631231276538
COOKING UNSALTED BUTTER 500g MILKY MIST,355.0,355.0,5680.0,16.0,0.0,0.2,1136.0
GREEN PEAS BATANI 500G EVR,165.0,160.0,5610.0,35.0,-0.03125,0.23125,1297.3125
KARAN PHOOL 50g,60.0,63.80952380952381,5610.0,88.0,0.059701492537313494,0.14029850746268652,787.0746268656713
PREMIUM SANDWICH BREAD 400g SPENCERS AKSHAYA FOODS ENGLISH RECIPE,55.0,55.0,5555.0,101.0,0.0,0.2,1111.0
BROWN EGGS 6PC UPF HEALTHY U N V,99.0,96.84782608695652,5544.0,57.0,-0.022222222222222365,0.22222222222222238,1232.000000000001
Raw Forest Honey 1000g BT,693.0,693.0,5544.0,8.0,0.0,0.2,1108.8
COW GHEE 200ml JAR AMUL HIGH AROMA,148.0,145.83225806451614,5432.8,37.0,-0.014864625729959169,0.21486462572995918,1167.3165386657222
MODERN HI FIBER  BROWN BREAD 400g,55.0,55.0,5335.0,98.0,0.0,0.2,1067.0
KARAM GAVVALU 250G VELLANKI FOODS,135.0,137.0,5335.0,39.0,0.014598540145985384,0.18540145985401463,989.1167883211681
CHANA DAL 250g VELLANKI FOODS,130.0,130.9090909090909,5250.0,40.0,0.00694444444444442,0.1930555555555556,1013.5416666666669
SOYA CHUNKS SMALL 200G EVR,42.0,41.99125,5247.9,125.0,-0.00020837674515528093,0.2002083767451553,1050.6735403209004
THREE MANGO MIRCHI  PWD 500G,360.0,374.4,5232.0,14.0,0.038461538461538436,0.16153846153846158,845.1692307692309
OMANI SEEDLESS 250g FLYBERRY,149.0,148.8709677419355,5211.0,35.0,-0.0008667388949079591,0.20086673889490797,1046.7165763813655
BUTTER GARLIC N HERBS 100g AMUL,65.0,68.50185185185185,5209.1,76.0,0.051120542834743654,0.14887945716525636,775.5279803195369
GREEK YOGURT STRAWBERRY SMOOTHIE 180ml EPIGAMIA,80.0,80.0,5200.0,66.0,0.0,0.2,1040.0
Tulsi Infused Honey 250g BT,288.0,288.0,5184.0,18.0,0.0,0.2,1036.8
MUSK MELON - LOCAL,59.544999999999995,65.33045454545454,5133.32,78.91,0.08855677778009707,0.11144322221990294,572.0737214858722
COOKING BUTTER 500g HERITAGE,320.0,301.1764705882353,5120.0,17.0,-0.0625,0.2625,1344.0
LAKSHMAN FRUIT ANAND,429.0,429.0,5111.97,11.91,0.0,0.2,1022.3940000000001
WHITE LOBIYA 500g,85.0,88.04347826086956,5035.0,57.0,0.03456790123456788,0.16543209876543213,832.9506172839508
URAD DAL UNPOLISHED 500g,90.0,90.0,4950.0,55.0,0.0,0.2,990.0
FLYBERRY KNOCKOUT KALMI DATES 400g,449.0,449.0,4939.0,11.0,0.0,0.2,987.8000000000001
RED RAJMA 500g,100.0,100.0,4900.0,49.0,0.0,0.2,980.0
FRUIT YOGHURT BB 100g MILKYMIST,30.0,30.0,4830.0,161.0,0.0,0.2,966.0
MUSTARD OIL 1Lt. MESMARA,599.0,599.0,4792.0,8.0,0.0,0.2,958.4000000000001
TIL 100G,35.0,39.30555555555556,4755.0,121.0,0.10954063604240283,0.09045936395759718,430.1342756183746
BROWN RICE 5kg,395.0,395.0,4740.0,12.0,0.0,0.2,948.0
CHAT MURMURA 500 GM,65.0,62.63636363636363,4680.0,74.0,-0.037735849056603765,0.23773584905660378,1112.6037735849056
NATURAL THICK CURD  POUCH 400 GMS ID FRESH,42.0,48.32727272727273,4642.0,97.0,0.13092550790067725,0.06907449209932276,320.64379232505627
GREEK YOGURT VANILLA BEAN 90g EPIGAMIA,60.0,60.0,4620.0,77.0,0.0,0.2,924.0
FRUIT YOGURT 75g STRAWBERRY EPIGAMIA,35.0,35.0,4515.0,129.0,0.0,0.2,903.0
AKSHAYA KALPA ORGANIC COW GHEE 195ml,307.0,321.46153846153845,4498.0,14.0,0.0449868389566882,0.1550131610433118,697.2491983728165
JOWAR FLOUR 500g,50.0,50.0,4450.0,89.0,0.0,0.2,890.0
TABLE BUTTER CHIPLITE MILKY MIST,78.0,77.83411764705882,4437.54,57.0,-0.0021312293112047964,0.2021312293112048,896.9654153176438
TATA SALT 1KG,30.0,29.98469387755102,4378.5,146.0,-0.0005104645227156368,0.20051046452271565,877.9350689127104
MODERN CHOCO CHEER CAKE 120g,35.0,35.0,4375.0,125.0,0.0,0.2,875.0
MOZZARELLA CHEESE 200g MILKY MIST,165.0,168.0,4370.0,26.0,0.017857142857142905,0.1821428571428571,795.9642857142856
MASOOR DAL 500g,70.0,73.69565217391305,4360.0,59.0,0.05014749262536877,0.14985250737463124,653.3569321533922
SET CURD 400g MILKY MIST,65.0,65.0,4355.0,67.0,0.0,0.2,871.0
BROWN RICE HMT 1kg,85.0,85.0,4335.0,51.0,0.0,0.2,867.0
CHERRY TOMATO KG RED SAMBERRY,254.0,262.56874999999997,4324.5,16.31,0.03263431006165041,0.1673656899383496,723.7729261383929
FRESH CREAM 250ml UHT MILKY MIST,80.0,80.0,4320.0,54.0,0.0,0.2,864.0
PERSIMMON FRUIT,634.0,746.5,4298.29,5.8,0.15070328198258542,0.04929671801741459,211.89159008707296
AASHIRVAD ATTA 2KG,110.0,110.0,4290.0,39.0,0.0,0.2,858.0
AJWAIN 100g,70.0,70.0,4270.0,61.0,0.0,0.2,854.0
RED LOBIYA 500g,90.0,94.75,4270.0,45.0,0.05013192612137207,0.14986807387862794,639.9366754617413
CONTINENTAL XTRA INSTANT SOUTH BLEND COFFEE 150g POUCH,349.0,355.0,4258.0,12.0,0.016901408450704203,0.1830985915492958,779.6338028169016
SOAN PATTI 250g VELLANKI FOODS,175.0,176.95652173913044,4245.0,24.0,0.011056511056511065,0.18894348894348895,802.0651105651106
KARAM SAKINALU 250g  VELLANKI FOODS,145.0,146.4814814814815,4245.0,29.0,0.010113780025284513,0.1898862199747155,806.0670037926673
ALMOND DRAGES KG LOOSE FLYBERRY,2099.0,2099.0,4235.78,2.02,0.0,0.2,847.156
YOGHURT STRAWBERRY MILKYMIST,30.0,29.571428571428573,4230.0,142.0,-0.014492753623188248,0.21449275362318826,907.3043478260863
THUMS UP 250ML,20.0,20.0,4220.0,220.0,0.0,0.2,844.0
CHEESE BLOCK 200G HERITAGE,132.0,131.74074074074073,4217.0,32.0,-0.001967950520101347,0.20196795052010136,851.6988473432674
MILK CHOCOLATE SMOOTH N CREAMY 150g AMUL,200.0,198.94736842105263,4160.0,21.0,-0.005291005291005346,0.20529100529100536,854.0105820105823
CHANA DAL 1Kg,126.0,128.25,4113.0,32.0,0.01754385964912286,0.18245614035087715,750.4421052631577
SABUDANA 250g,35.0,42.121212121212125,4110.0,98.0,0.1690647482014389,0.030935251798561103,127.14388489208613
CARROT JUICE,70.0,70.0,4060.0,58.0,0.0,0.2,812.0
INSIDE YELLOW MELON Kg,39.9,39.9,4048.74,101.48,0.0,0.2,809.748
NATURAL BROWN SUGAR 1Kg JIVIKA ORGANICS,155.0,155.0,4030.0,26.0,0.0,0.2,806.0
MUSK MELON JUICE,50.0,50.0,4000.0,80.0,0.0,0.2,800.0
SUGAR FREE DARK CHOCOLATE 150g AMUL,200.0,200.0,4000.0,20.0,0.0,0.2,800.0
YOGHURT  MANGO MILKYMIST,30.0,30.0,3990.0,133.0,0.0,0.2,798.0
SUGAR 2 KG,99.0,99.0,3960.0,40.0,0.0,0.2,792.0
Raw Neem Honey 500g BT,396.0,396.0,3960.0,10.0,0.0,0.2,792.0
MISHTI DAHI 80g  EPIGAMIA,35.0,35.0,3920.0,113.0,0.0,0.2,784.0
POOJA OIL 500ML,139.0,139.0,3892.0,28.0,0.0,0.2,778.4000000000001
SINGLE POLISH RICE 1Kg,80.0,80.0,3840.0,48.0,0.0,0.2,768.0
ONION WHITE,42.0,45.54860465116279,3798.56,84.43,0.07790808694009466,0.12209191305990535,463.7734572728341
Raw Jamun Honey 1000g BT,756.0,756.0,3780.0,5.0,0.0,0.2,756.0
ARTISANAL ORGANIC SET CURD 400g AKSHAYAKALPA,80.0,80.0,3760.0,47.0,0.0,0.2,752.0
PROSO MILLET VARIGALU 500g,150.0,150.0,3750.0,25.0,0.0,0.2,750.0
BANANA CASHEWNUT LOAF 350g KALSAN FOODS,150.0,150.0,3750.0,25.0,0.0,0.2,750.0
DARK CHOCOLATE 150g BEST WISHES AMUL,198.0,192.25,3736.0,19.0,-0.02990897269180759,0.2299089726918076,858.9399219765932
FlyberryMacadamia,5500.0,5500.0,3729.0,0.67,0.0,0.2,745.8000000000001
BUTTER SCHOOL PACK 100g AMUL,70.0,74.1891891891892,3710.0,50.0,0.05646630236794181,0.1435336976320582,532.5100182149359
MODERN FRUIT & NUT CAKE 140g,60.0,60.0,3660.0,61.0,0.0,0.2,732.0
INDIAN RAISINS GREEN FLYBERRY,600.0,600.0,3633.6,6.04,0.0,0.2,726.72
COOKING BUTTER 200G HERITAGE,130.0,129.79166666666666,3630.0,28.0,-0.0016051364365972098,0.20160513643659722,731.8266452648479
FRUIT YOGURT 75g ALPHONSO MANGO EPIGAMIA,35.0,35.0,3605.0,103.0,0.0,0.2,721.0
Ginger Imbued Honey 250g BT,225.0,225.0,3600.0,16.0,0.0,0.2,720.0
TOP MILLET ANDU KORRALU 500G,150.0,150.0,3600.0,24.0,0.0,0.2,720.0
BOMBAY RAWA 500g,35.0,37.5,3575.0,95.0,0.06666666666666665,0.13333333333333336,476.66666666666674
SRI LALITHA HMT RICE 10KG,890.0,890.0,3560.0,4.0,0.0,0.2,712.0
PLUMS LOCAL BOX ANAND,58.0,70.9090909090909,3554.0,50.0,0.18205128205128207,0.01794871794871794,63.78974358974356
BUTTER MILK PLAIN 200ml POUCH AKSHAYA KALPA,20.0,20.0,3520.0,176.0,0.0,0.2,704.0
DEHYDRATED MANGO KG FLYBERRY,1250.0,1250.0,3502.5,2.81,0.0,0.2,700.5
HULLED WHITE SESAME OIL 1Lt. MESMARA,700.0,700.0,3500.0,5.0,0.0,0.2,700.0
KINLEY SODA 750ML,20.0,20.0,3460.0,173.0,0.0,0.2,692.0
JEERA 100g,65.0,65.0,3380.0,52.0,0.0,0.2,676.0
BUTTER UNSALTED 500G AMUL,295.0,304.45454545454544,3349.0,11.0,0.031054045983875733,0.16894595401612428,565.8000000000002
JAGGERY MINI CUBES 500G EVR,115.0,115.0,3335.0,29.0,0.0,0.2,667.0
COOKING BUTTER UNSALTED 200g MILKY MIST,138.0,145.14285714285714,3334.0,23.0,0.049212598425196874,0.15078740157480314,502.7251968503937
BUTTER MILK SPICED 200ml POUCH AKSHAYA KALPA,20.0,20.0,3320.0,166.0,0.0,0.2,664.0
RICE RAWA 500g,40.0,40.0,3320.0,83.0,0.0,0.2,664.0
DRY CHURRA KG FLYBERRY,750.0,745.0704347826087,3309.9,4.51,-0.006616240542183904,0.20661624054218392,683.8790945705746
MILK SHAKE VANILA 180ml EPIGAMIA,40.0,40.0,3280.0,82.0,0.0,0.2,656.0
METHI 100G,30.0,32.27272727272727,3275.0,101.0,0.07042253521126762,0.1295774647887324,424.36619718309856
UHT BUTTER MILK 180ML MILKY MIST,20.0,20.0,3260.0,163.0,0.0,0.2,652.0
GEMS KG FLYBERRY,600.0,600.0,3252.0,5.38,0.0,0.2,650.4000000000001
Ginger Imbued Honey 500g BT,405.0,405.0,3240.0,8.0,0.0,0.2,648.0
SAFFLOWER OIL 1Lt. COLD PRESSED MESMARA,540.0,540.0,3240.0,6.0,0.0,0.2,648.0
RAGULU 500g,45.0,45.0,3240.0,72.0,0.0,0.2,648.0
Vakai Box,50.0,50.0,3200.0,64.0,0.0,0.2,640.0
JIVIKA RED CHILLI POWDER 500GMS,399.0,399.0,3192.0,8.0,0.0,0.2,638.4000000000001
SABJA SEEDS KG FLYBERRY,530.0,530.0,3184.2400000000002,6.0,0.0,0.2,636.8480000000001
FlyberryHazelnut,1900.0,1900.0,3176.8,1.68,0.0,0.2,635.3600000000001
Raw Jamun Honey 500g BT,396.0,396.0,3168.0,8.0,0.0,0.2,633.6
FRUIT BASKET 350 RAJU,350.0,350.0,3150.0,9.0,0.0,0.2,630.0
FRESH CREAM 250ML AMUL,70.0,69.58823529411765,3101.0,45.0,-0.00591715976331364,0.20591715976331365,638.5491124260357
NAGPUR ORANGE JUICE,90.0,88.94736842105263,3090.0,36.0,-0.01183431952662728,0.2118343195266273,654.5680473372784
JIVIKA FOREST HONEY250ml,280.0,280.0,3080.0,11.0,0.0,0.2,616.0
GAJANAN TELANGANA SONA RICE 1Kg,75.0,75.0,3075.0,41.0,0.0,0.2,615.0
KASURIMETHI 50G,32.0,35.27272727272727,3056.0,86.0,0.09278350515463918,0.10721649484536083,327.6536082474227
AMUL BUTTER 500G SALTED,305.0,305.0,3050.0,10.0,0.0,0.2,610.0
BANANA FLOWER,26.0,26.0,3042.0,117.0,0.0,0.2,608.4
AMUL DARK CHOCOLATE 125G,170.0,168.15833333333333,3037.9,18.0,-0.010951979780960519,0.21095197978096053,640.85101937658
YOGHURT PEACH 100GM MILKYMIST,30.0,35.357142857142854,3030.0,92.0,0.1515151515151515,0.04848484848484852,146.90909090909102
Raw Neem Honey 1000g BT,756.0,756.0,3024.0,4.0,0.0,0.2,604.8000000000001
LOW GI RICE 5KG AISHWARYA,600.0,600.0,3000.0,5.0,0.0,0.2,600.0
MODREN FRUITY BREAD 200G,30.0,30.0,3000.0,100.0,0.0,0.2,600.0
RED BULL CAN 250ml,125.0,125.0,3000.0,24.0,0.0,0.2,600.0
CHOCOLATE 150G HBD PACK AMUL,200.0,200.0,3000.0,15.0,0.0,0.2,600.0
AK COUNTRY EGGS 6PC PACK AKSHAYA KALPA,150.0,142.10526315789474,3000.0,21.0,-0.05555555555555558,0.2555555555555556,766.6666666666667
OLIVE OIL 1LTR MESMARA,999.0,999.0,2997.0,3.0,0.0,0.2,599.4
NATURAL COW GHEE 500ml JIVIKA ORGANICS,499.0,499.0,2994.0,6.0,0.0,0.2,598.8000000000001
FLYBERRY KNOCKOUT KALMI DATES 200g,249.0,249.0,2988.0,12.0,0.0,0.2,597.6
ORGANIC GREEK YOGHURT NATURAL 100g AKSHAYAKALPA,60.0,60.0,2940.0,49.0,0.0,0.2,588.0
CARROT N BEETROOT JUICE,70.0,70.0,2940.0,42.0,0.0,0.2,588.0
MUSTARD SMALL 200g,42.0,47.43636363636364,2916.0,62.0,0.11460329628210042,0.08539670371789959,249.01678804139522
GONGURA PICKLE 250g VELLANKI FOODS,120.0,121.57894736842105,2915.0,24.0,0.012987012987012991,0.18701298701298702,545.1428571428571
GAJANAN ORANGE PRM HMT RAW RICE 1Kg,85.0,85.0,2890.0,34.0,0.0,0.2,578.0
VIRGIN COCONUT OIL 200ml AKSHAYA KALPA,289.0,289.0,2890.0,10.0,0.0,0.2,578.0
VELLANKI KAKARAKAYA CHIPS 150G,96.0,96.0,2880.0,30.0,0.0,0.2,576.0
Lotus Stem SAMBERRY,284.0,284.0,2846.25,10.02,0.0,0.2,569.25
MINUTE MAID PULPY 250 ML,25.0,25.0,2825.0,113.0,0.0,0.2,565.0
FLAX SEEDS KGS FLYBERRY,280.0,280.0,2814.56,10.66,0.0,0.2,562.912
AMUL FRUIT N NUT CHOCOLATE ILU 150g,200.0,200.0,2800.0,14.0,0.0,0.2,560.0
JIVIKA TURMERIC POWDER 100GMS,60.0,60.0,2760.0,46.0,0.0,0.2,552.0
GREEK YOGHURT 100g MILKY MIST,40.0,40.0,2760.0,69.0,0.0,0.2,552.0
RAISIN N ALMOND 150G CHOCOLATE AMUL,250.0,250.0,2750.0,11.0,0.0,0.2,550.0
IRANIAN DATES 500g ORIGINAL AM ENTERPRISES,228.0,228.0,2738.0,12.0,0.0,0.2,547.6
WHITE RAJMA 500g,105.0,100.0,2730.0,27.0,-0.050000000000000044,0.25000000000000006,682.5000000000001
WHITE JOWAR 500g,50.0,48.4375,2700.0,55.0,-0.032258064516129004,0.23225806451612901,627.0967741935483
SUNFLOWER OIL COLDPRESSED 5L MESMARA,2690.0,2690.0,2690.0,1.0,0.0,0.2,538.0
PULIHORA PASTE 250G VELLANKI FOODS,115.0,115.88235294117646,2665.0,23.0,0.0076142131979695105,0.1923857868020305,512.7081218274113
ALMONDO BAR 35g CHOCOLATE AMUL,35.0,35.0,2660.0,76.0,0.0,0.2,532.0
Alubukhar LOOSE KG FLYBERRY,790.0,788.0,2653.4,3.35,-0.002538071065989911,0.20253807106598992,537.4145177664976
KINELY WATER 500ml,10.0,10.0,2650.0,265.0,0.0,0.2,530.0
CHICOOS SAPOTA JUICE,60.0,58.125,2640.0,45.0,-0.032258064516129004,0.23225806451612901,613.1612903225806
WOOD APPLE,99.0,99.0,2634.79,26.61,0.0,0.2,526.958
SUGAR CANE PACK,28.0,28.0,2632.0,94.0,0.0,0.2,526.4
MASTI BUTTER MILK 200ml AMUL tetra,15.0,15.0,2625.0,175.0,0.0,0.2,525.0
IDLI KARAM 100g VELLANKI FOODS,58.0,58.77777777777778,2584.0,44.0,0.013232514177693777,0.18676748582230623,482.60718336483933
YOGURT MANGO 90g AKSHAYA KALPA,60.0,60.0,2580.0,43.0,0.0,0.2,516.0
COOKING BUTTER 100g AMUL UNSALTED,62.0,64.07692307692308,2558.0,40.0,0.032412965186074505,0.1675870348139255,428.6876350540214
BANANAS 30g FLYBERRY GOURMET,49.0,49.0,2548.0,52.0,0.0,0.2,509.6
DIAMOND MISRI 200G,30.0,37.407407407407405,2520.0,67.0,0.19801980198019797,0.0019801980198020375,4.990099009901135
NUTMEG 50G,80.0,80.0,2480.0,31.0,0.0,0.2,496.0
LITTLE MILLET SAMELU 500g,98.5,98.5,2470.0,25.0,0.0,0.2,494.0
ROMAIN LETTUCE KG ENGISH ITEM SAMBERRY,223.0,254.0,2468.75,9.71,0.1220472440944882,0.07795275590551182,192.4458661417323
MUSTARD BIG 200g,40.0,42.083333333333336,2440.0,58.0,0.04950495049504955,0.15049504950495046,367.2079207920791
DABBAKAI,49.0,50.06896551724138,2415.0,48.0,0.02134986225895319,0.17865013774104682,431.4400826446281
MANGO GINGER,122.0,136.62800000000001,2403.42,19.080000000000002,0.1070644377433616,0.0929355622566384,223.36318903884987
COLD PRESSED SUN DRIED COCONUT OIL 1LT MESMARA,599.0,599.0,2396.0,4.0,0.0,0.2,479.20000000000005
FLAX SEED OIL 1L MESMARA,599.0,599.0,2396.0,4.0,0.0,0.2,479.20000000000005
BITTER CHOCOLATE 150g AMUL,200.0,198.33333333333334,2380.0,14.0,-0.008403361344537785,0.2084033613445378,495.99999999999994
SPRITE PET  250ML,20.0,20.0,2360.0,119.0,0.0,0.2,472.0
GREEK YOGURT MIXED BERRY ZERO ADDED SUGAR 120g EPIGAMIA,70.0,70.8,2340.0,33.0,0.011299435028248594,0.18870056497175142,441.5593220338983
MILK SHAKE VANILLA 180ML MILKY MIST,40.0,40.0,2320.0,58.0,0.0,0.2,464.0
RED CHILLI PICKLE 250G VELLANKI FOODS,120.0,120.83333333333333,2295.0,19.0,0.006896551724137945,0.19310344827586207,443.17241379310343
CHIKKUDU SEED PACK,299.0,298.9984615384615,2284.98,7.61,-5.145382790727737e-06,0.20000514538279074,457.0077570967692
SKYR YOGHURT 100g MILKYMIST,60.0,60.0,2280.0,38.0,0.0,0.2,456.0
FRESH PANEER BLOCK 200g AMUL,95.0,95.0,2280.0,24.0,0.0,0.2,456.0
MAIDA 1 KG,65.0,65.0,2275.0,35.0,0.0,0.2,455.0
HIMALAYAN HONEY 500g APIS,325.0,325.0,2275.0,7.0,0.0,0.2,455.0
MAGAYA PICKLE 250GMS VELLANKI FOODS,140.0,141.66666666666666,2270.0,16.0,0.0117647058823529,0.1882352941176471,427.29411764705895
EGGS 6PC UPF HEALTHY WHITE U N V,89.0,89.0,2225.0,25.0,0.0,0.2,445.0
WHITE PAV 200g SPENCERS AKSHAYA FOODS,30.0,30.0,2220.0,74.0,0.0,0.2,444.0
DERI DATES KG FLYBERRY,891.0,895.0,2215.8,2.4899999999999998,0.004469273743016755,0.19553072625698326,433.2569832402235
AASHIRVAD CORIANDER PWD 100G,46.0,45.981219512195125,2205.7,48.0,-0.0004084382276963172,0.20040843822769633,442.04089219882974
FlyberryCashew180,2000.0,2000.0,2204.0,1.1,0.0,0.2,440.8
XTRA 200g JAR CONTINENTAL,500.0,550.0,2200.0,4.0,0.09090909090909094,0.10909090909090907,239.99999999999997
SET CURD 200g MILKY MIST,33.0,33.0,2178.0,66.0,0.0,0.2,435.6
GREEK YOGURT STRAWBERRY ZERO ADD SUGAR 120g EPIGAMIA,70.0,70.0,2170.0,31.0,0.0,0.2,434.0
RAW HONEY 950G BT ROYAL BEE PON,720.0,720.0,2160.0,3.0,0.0,0.2,432.0
ORGANIC- CHEESE SLICES AKSHAYAKALPA,120.0,120.0,2160.0,18.0,0.0,0.2,432.0
AASHIRVAAD SALT 1KG,30.0,30.0,2160.0,73.0,0.0,0.2,432.0
PRM BROWN BREAD 400g MR BREADY NANDAS,55.0,55.0,2145.0,39.0,0.0,0.2,429.0
BELGIAN CHOCOLATE 125g AMUL,178.2,178.2,2142.0,12.0,0.0,0.2,428.40000000000003
WATER APPLE BOX,93.0,93.0,2139.0,23.0,0.0,0.2,427.8
CHICKEN BONE LESS PICKLE 250g VELLANKI FOODS,350.0,354.1666666666667,2125.0,6.0,0.01176470588235301,0.188235294117647,399.9999999999999
XTRA SACHET 2.3G CONTINENTAL,2.0,2.0,2112.0,1056.0,0.0,0.2,422.40000000000003
KODO MILLET ARIKALU 500G,75.0,75.0,2100.0,28.0,0.0,0.2,420.0
BIRYANI LEAFS 50G,25.0,25.0,2075.0,83.0,0.0,0.2,415.0
CHEESE SLICES 100g HERITAGE,57.5,57.5,2070.0,36.0,0.0,0.2,414.0
ALMONDO 200g CHOCOLATE AMUL,230.0,230.0,2070.0,9.0,0.0,0.2,414.0
CHEESE EASY OPEN CHIPLET CUBES 60X8X25g AMUL,135.0,135.0,2025.0,15.0,0.0,0.2,405.0
NANDA CREAM BUN VANILLA 60g,15.0,15.0,2010.0,134.0,0.0,0.2,402.0
BITTER CHOCOLATE 150g 90% BITTER AMUL,200.0,200.0,2000.0,10.0,0.0,0.2,400.0
DARK CHOCOLATE 150g AMUL,200.0,200.0,2000.0,10.0,0.0,0.2,400.0
FRUIT BASKET 200 SADGURU,200.0,200.0,2000.0,10.0,0.0,0.2,400.0
ELEPHANT SEEDLESS HONEY DATES400G+10,199.0,199.0,1990.0,10.0,0.0,0.2,398.0
FRUIT BREAD 200g SML SPENCERS AKSHAYA NANDA,30.0,30.0,1980.0,66.0,0.0,0.2,396.0
MODERN BANANA PUDDING  CAKE 140g,60.0,60.0,1980.0,33.0,0.0,0.2,396.0
APPLE JUICE,180.0,180.0,1980.0,11.0,0.0,0.2,396.0
POOJA PATRI PACK,33.0,33.0,1947.0,59.0,0.0,0.2,389.40000000000003
GUAVA Local,129.0,129.0,1940.93,15.05,0.0,0.2,388.18600000000004
VELLANIKI BITTER GOURD PAKODA 150G,102.0,102.0,1938.0,19.0,0.0,0.2,387.6
CHEESE SLICES 200g HERITAGE,215.0,215.0,1935.0,9.0,0.0,0.2,387.0
DEHYDRATED PINEAPPLE KG FLYBERRY,1200.0,1200.0,1922.4,1.59,0.0,0.2,384.48
CHERUKU GADDALU,32.0,32.0,1920.0,60.0,0.0,0.2,384.0
YELLOW JOWAR 500g,60.0,60.0,1920.0,32.0,0.0,0.2,384.0
TABLE BUTTER SALTED 200G MILKY MIST,135.0,145.5,1895.0,13.0,0.07216494845360821,0.1278350515463918,242.24742268041246
MODERN WOW PAV 200g,30.0,30.0,1890.0,63.0,0.0,0.2,378.0
BAJRA FLOUR 500G,44.4,46.241379310344826,1843.0,40.0,0.03982102908277407,0.16017897091722594,295.2098434004474
MALGUDI FILTER COFFEE 500g 60 DEGREE CONTINENTAL,360.0,360.0,1800.0,5.0,0.0,0.2,360.0
RUMANI MANGO KG LOOSE,86.0,89.39076923076922,1788.97,20.04,0.03793198402863818,0.16206801597136183,289.9348185322872
FLYBERRY SPICE OKRA CHIPS 25g,49.5,49.5,1782.0,36.0,0.0,0.2,356.40000000000003
KINLEY WATER 1Lt,20.0,20.0,1780.0,89.0,0.0,0.2,356.0
BAILLEY WATER  500ML,9.0,9.875833333333333,1746.1,178.0,0.08868449919837984,0.11131550080162017,194.36799594970898
AMLA PICKLE 250GMS VELLANKI FOODS,120.0,124.54545454545455,1740.0,14.0,0.03649635036496346,0.16350364963503655,284.4963503649636
TABLE BUTTER SALTED 100g MILKY MIST,75.0,74.61111111111111,1718.0,23.0,-0.005212211466865124,0.20521221146686514,352.5545793000743
MANGO MAGAYA  250g AHA,100.0,100.0,1700.0,17.0,0.0,0.2,340.0
BARNYARD MILLET UDALU 500G,80.0,81.11111111111111,1700.0,21.0,0.013698630136986356,0.18630136986301365,316.7123287671232
COW GHEE 500ml PET JAR MILKYMIST,419.0,423.0,1692.0,4.0,0.009456264775413725,0.19054373522458629,322.4
Raw Pappaya,47.0,48.70214285714286,1678.86,34.45,0.0349500608656117,0.1650499391343883,277.09574081515916
SRI LALITHA HMT RICE 26KG,1670.0,1670.0,1670.0,1.0,0.0,0.2,334.0
GHEE 200ML PET JAR MILKY MIST,175.0,183.125,1650.0,9.0,0.04436860068259385,0.15563139931740616,256.7918088737202
PALLI GROUND NUT KARAM 100g VELLANKI FOODS,64.0,64.8695652173913,1628.0,25.0,0.013404825737265313,0.1865951742627347,303.7769436997321
JIVIKA COLD PRESSED SAFFLOWER OIL 1LTR,539.992,539.9966666666667,1619.99,5.0,8.642028654581857e-06,0.19999135797134543,323.98399999999987
simla mirchi bajji,84.35600000000001,93.66227272727274,1610.96,17.25,0.09935988585682598,0.10064011414317403,162.12719828008764
IDLY RICE  1Kg,70.0,70.0,1610.0,23.0,0.0,0.2,322.0
GINGER PICKLE 250g AHA,100.0,100.0,1600.0,16.0,0.0,0.2,320.0
MALGUDI COFFEE 500g 80 DEGREE CONTINENTAL,357.7,399.5,1598.0,4.0,0.10463078848560703,0.09536921151439298,152.39999999999998
JIVIKA NATURALS PEANUT BUTTER500GMS,399.0,399.0,1596.0,4.0,0.0,0.2,319.20000000000005
DATES POWDER 180g FLYBERRY,399.0,399.0,1596.0,4.0,0.0,0.2,319.20000000000005
CHEESE BLOCK 200G MILKY MIST,140.0,143.0,1570.0,11.0,0.020979020979020935,0.17902097902097908,281.0629370629371
FLYBERRY CASHEW 4 PIECE,997.199,998.6658333333334,1566.01,1.55,0.0014687929479247908,0.19853120705207522,310.90185555562033
PAPPAYA JUICE,50.0,50.0,1550.0,31.0,0.0,0.2,310.0
VELLANLI RAGI RIBBON PAKODI 150G,90.0,90.0,1530.0,17.0,0.0,0.2,306.0
GREEK CEREALS YOGHURT 100g MILKY MIST,40.0,40.0,1520.0,38.0,0.0,0.2,304.0
TEENDA,84.0,95.3157894736842,1501.77,16.04,0.11871893981225834,0.08128106018774167,122.0654577581448
AASHIRVAD CHILLI PWD 200G,100.0,100.0,1500.0,15.0,0.0,0.2,300.0
CASHEW 320 COUNT 250 GM,300.0,300.0,1500.0,5.0,0.0,0.2,300.0
NANDA CRM BUN CHOCOLATE 60g,15.0,15.0,1485.0,99.0,0.0,0.2,297.0
AASHIRVAAD CRYSTAL SALT 1KG,22.0,22.0,1474.0,67.0,0.0,0.2,294.8
MANGO AVAKAYA 250g  AHA,90.0,86.25,1470.0,17.0,-0.04347826086956519,0.2434782608695652,357.9130434782608
GULAB JAM MIX 200g MILKY MIST,130.0,122.5,1470.0,12.0,-0.061224489795918435,0.26122448979591845,384.0000000000001
RED BANTHI POOLU KGS LOOSE,179.0,179.0,1451.33,8.11,0.0,0.2,290.266
GONGURA PICKLE 250g  AHA,90.0,90.0,1440.0,16.0,0.0,0.2,288.0
TOMATO PICKLE  250g AHA,90.0,90.0,1440.0,16.0,0.0,0.2,288.0
SOYAKURA,69.0,69.36206896551724,1401.56,20.21,0.005219985085756829,0.19478001491424318,272.99587770320665
PGB SOYA CHUNKS SMALL 200G,70.0,70.0,1400.0,20.0,0.0,0.2,280.0
AASHIRVAD TURMERIC PWD 100G,40.0,40.0,1400.0,35.0,0.0,0.2,280.0
COLD PRESSED WHITE SESAME OIL 500ML MESMARA,350.0,350.0,1400.0,4.0,0.0,0.2,280.0
SAMBAR PODI 100g VELLANKI FOODS,60.0,60.53333333333333,1392.0,23.0,0.008810572687224627,0.19118942731277538,266.13568281938336
CHEESE CUBES 120g MILKY MIST,115.0,114.41666666666667,1373.0,12.0,-0.0050983248361251565,0.20509832483612517,281.59999999999985
NANDA CRM BUN PINEAPPLE 60g,15.0,15.0,1365.0,91.0,0.0,0.2,273.0
GAJANAN ORANGE PRM HMT RICE 1Kg,80.0,80.0,1360.0,17.0,0.0,0.2,272.0
LASSI BLUBERRY 180ml MILKYMIST,30.0,33.4,1355.0,41.0,0.10179640718562866,0.09820359281437135,133.0658682634732
SWEET ALMOND OIL100ML MESMARA,449.0,449.0,1347.0,3.0,0.0,0.2,269.40000000000003
FRUIT BASKET 250 RAJU,254.0,263.3333333333333,1330.0,5.0,0.03544303797468351,0.1645569620253165,218.86075949367094
CHAMANTHI FLOWERS POOLU KG LOOSE,436.0,436.0,1308.87,3.0,0.0,0.2,261.774
gangavyalukura,69.0,69.0,1272.93,18.43,0.0,0.2,254.586
FRUIT BOWL NRG,45.0,45.0,1260.0,28.0,0.0,0.2,252.0
PGB SOYA CHUNKS 200G MEDIUM,70.0,70.0,1260.0,18.0,0.0,0.2,252.0
ENG ITEM CELERY SAMBERRRY,223.0,221.06451612903226,1257.3,5.71,-0.008755289654166054,0.20875528965416607,262.468025682183
FlyberryPrunes,1756.0,1784.2857142857142,1255.54,0.71,0.015852682145716557,0.18414731785428345,231.20432345876705
AASHIRVAD CHILLI PWD 500G,250.0,250.0,1250.0,5.0,0.0,0.2,250.0
BAILLEY  WATER 1LTR,20.0,19.902439024390244,1234.0,62.0,-0.004901960784313708,0.20490196078431372,252.84901960784313
KARIVEPAKU KARAM 100g VELLANKI FOODS,60.0,61.1764705882353,1224.0,20.0,0.019230769230769273,0.18076923076923074,221.26153846153844
DEHYDRATED KIWI KG FLYBERRY,870.0,870.0,1214.52,1.6400000000000001,0.0,0.2,242.904
YELLOW MELON,39.0,39.0,1210.02,31.02,0.0,0.2,242.00400000000002
LIME PICKLE 250g VELLANKI FOODS,100.0,101.11111111111111,1210.0,12.0,0.010989010989011061,0.18901098901098895,228.70329670329662
YELLOW DRAGON KG LOOSE,264.0,264.0,1206.48,4.57,0.0,0.2,241.29600000000002
PREMIUM FREEZE DIRED COFFEE 50gm JAR CONTINENTAL,300.0,300.0,1200.0,4.0,0.0,0.2,240.0
MAIDA 500g,40.0,40.0,1200.0,30.0,0.0,0.2,240.0
MILK SHAKE STRAWBERRY 180ML HERITAGE,20.0,20.0,1200.0,60.0,0.0,0.2,240.0
CRUNCHY BANANA CHIPS 250g FLYBERRY,299.0,299.0,1196.0,4.0,0.0,0.2,239.20000000000002
CONTINENTAL XTRA 50g JAR PLUS 25g JAR FREE SOUTH BLEND,117.87000000000002,147.2375,1193.7,10.0,0.19945666015790808,0.0005433398420919278,0.6485847695051342
TOMATO PICKLE 250G VELLANKI FOODS,115.0,119.0,1190.0,10.0,0.03361344537815125,0.16638655462184876,198.00000000000003
MANGO JUICE,70.0,70.0,1190.0,17.0,0.0,0.2,238.0
RED RICE 1KG,101.0,107.3,1183.0,11.0,0.05871388630009322,0.1412861136999068,167.14147250698974
CHEESE CUBES 120g HERITAGE,90.0,90.64230769230768,1178.35,13.0,0.007086179827725081,0.19291382017227493,227.32000000000014
MAREDUKAYA KG LOOSE,129.0,129.0,1176.74,9.120000000000001,0.0,0.2,235.348
PANDUMIRAPAKAYA 250g PICKLE AHA,90.0,90.0,1170.0,13.0,0.0,0.2,234.0
DRY COCONUT KG FLYBERRY,600.0,600.0,1162.8,1.9500000000000002,0.0,0.2,232.56
AMUL PROCESSED CHEESE BLOCK200g,128.18,128.9888888888889,1160.9,9.0,0.006270996640537652,0.19372900335946236,224.89999999999986
BANANAJUICE,50.0,50.0,1150.0,23.0,0.0,0.2,230.0
CHOWCHOW,42.0,46.0625,1141.94,24.41,0.08819538670284943,0.11180461329715058,127.67416010854814
RAW HONEY 500g BT ROYAL BEE PON,380.0,380.0,1140.0,3.0,0.0,0.2,228.0
MALGUDI COFFEE 200g 60 DEGREES CONTINENTAL,148.992,160.99714285714285,1126.98,7.0,0.07456742799339833,0.12543257200660168,141.35999999999996
CRUNCHY BANANA CHIPS 100g FLYBERRY,125.0,125.0,1125.0,9.0,0.0,0.2,225.0
LASSI 200ml MILKY MIST UHT ROSE,35.0,35.0,1120.0,32.0,0.0,0.2,224.0
AMLA CANDY KG FLYBERRY,630.0,630.0,1111.32,1.79,0.0,0.2,222.264
KISMIS GREEN 250g,185.0,185.0,1110.0,6.0,0.0,0.2,222.0
NATURAL THICK CURD CUP 400g ID FRESH,71.0,78.33333333333333,1100.0,14.0,0.09361702127659566,0.10638297872340435,117.0212765957448
JIVIKA CORIANDER POWDER 100GMS,55.0,55.0,1100.0,20.0,0.0,0.2,220.0
POMEGRANATE SEEDS,99.0,99.0,1089.0,11.0,0.0,0.2,217.8
Tulsi Infused Honey 500g BT,540.0,540.0,1080.0,2.0,0.0,0.2,216.0
STAR FRUIT,89.0,89.0,1068.0,12.0,0.0,0.2,213.60000000000002
MILLET IDLY RAWA 500GMS SRI AHARYA,89.0,89.0,1068.0,12.0,0.0,0.2,213.60000000000002
POKCHOY LEAF SAMBERRY,193.0,229.28571428571428,1061.06,4.66,0.1582554517133956,0.0417445482866044,44.29347040498446
KANDI KARAM 100g  VELLANKI FOODS,58.0,58.470588235294116,1056.0,18.0,0.008048289738430525,0.19195171026156949,202.70100603621736
MANGO AVAKAYA pPICKLE 500g AHA,175.0,175.0,1050.0,6.0,0.0,0.2,210.0
URAD BLACK WHOLE 500G,85.0,85.0,1020.0,12.0,0.0,0.2,204.0
GINGER PICKLE 500g AHA,200.0,200.0,1000.0,5.0,0.0,0.2,200.0
MANGO MAGAYA 500g AHA,200.0,200.0,1000.0,5.0,0.0,0.2,200.0
MALGUDI COFFEE 200g 80 DEGREES CONTINENTAL,200.0,200.0,1000.0,5.0,0.0,0.2,200.0
BUFFALO GHEE 500ml JIVIKA ORGANICS,499.0,499.0,998.0,2.0,0.0,0.2,199.60000000000002
LOTUS TANGO 20G,5.0,5.81391304347826,987.7,177.0,0.13999401734968586,0.06000598265031415,59.26790906371529
Beetroot Juice,70.0,70.0,980.0,14.0,0.0,0.2,196.0
ALMOND MILK 1Lt UNSWEETENED EPIGAMIA,325.0,325.0,975.0,3.0,0.0,0.2,195.0
AKSHAYAKALPA UNSALTED TABLE BUTTER 100g TUB ORGANIC,120.0,120.0,960.0,8.0,0.0,0.2,192.0
MULTIGRAIN HEALTH MIX 500GMS SRI AHARYA,159.0,159.0,954.0,6.0,0.0,0.2,190.8
THIS CREAMY COFFEE MOCHA 22g CONTINENETAL,32.0,36.666666666666664,950.0,25.0,0.1272727272727272,0.07272727272727281,69.09090909090916
ROSE FLOWER POOLU KG LOOSE,436.0,436.0,942.63,2.16,0.0,0.2,188.526
URAD BLACK SPLIT 500g,85.0,85.0,935.0,11.0,0.0,0.2,187.0
CINNAMON DALCHINI KG FLYBERRY,950.0,950.0,927.1999999999999,0.98,0.0,0.2,185.44
ELEPHANT SEEDED DATES 400G(CUPS) (1+1 OFFER),115.0,115.0,920.0,8.0,0.0,0.2,184.0
AJWA DATES KGS FLYBERRY LOOSE KGS,1999.0,1999.0,915.55,0.45,0.0,0.2,183.11
MUKHWAS TINIMINI KG FLYBERRY,310.0,310.0,907.0600000000001,2.93,0.0,0.2,181.41200000000003
FRUIT BASKET 300 SADGURU,300.0,300.0,900.0,3.0,0.0,0.2,180.0
AMLA PICKLE  250g AHA,90.0,90.0,900.0,10.0,0.0,0.2,180.0
CHEDDAR CHEESE 200g MILKY MIST,150.0,150.0,900.0,6.0,0.0,0.2,180.0
ALMOND REGULAR  250 GM,300.0,300.0,900.0,5.0,0.0,0.2,180.0
MULAGAKU KARAM 100g VELLANKI FOODS,68.0,68.36363636363636,888.0,13.0,0.005319148936170137,0.19468085106382987,172.87659574468094
GONGURA PANDU MIRAPAKAYA PICKLE  500g AHA,174.994,174.998,874.99,5.0,2.2857404084586364e-05,0.19997714259591542,174.97800000000004
SHRIKAND MANGO 100g MILKY MIST,45.0,45.0,855.0,19.0,0.0,0.2,171.0
FRUIT BASKET 170 SADGURU,170.0,170.0,850.0,5.0,0.0,0.2,170.0
PRM CHITTIMUTYALU RICE 1KG GAJANAN,170.0,170.0,850.0,5.0,0.0,0.2,170.0
SAMBAR ONION CHENNAI,96.0,96.0,846.72,8.82,0.0,0.2,169.34400000000002
CHEESE CUBES 200g MILKY MIST,160.0,169.0,845.0,5.0,0.053254437869822535,0.14674556213017748,123.99999999999997
KOTHIMEERA CORIANDER KARAM 100g VELLANKI FOODS,60.0,60.285714285714285,844.0,14.0,0.004739336492890933,0.19526066350710908,164.80000000000007
KURA KARAM 100g VELLANKI FOODS,60.0,60.0,840.0,14.0,0.0,0.2,168.0
MASTI BUTTER MILK 1Lt AMUL,70.0,70.0,840.0,12.0,0.0,0.2,168.0
SRI LALITHA BROWN RICE 5KG SONAMASOORI,415.0,415.0,830.0,2.0,0.0,0.2,166.0
LEMON PICKLE  250g AHA,75.0,75.0,825.0,11.0,0.0,0.2,165.0
GONGURA PANDU MIRAPAKAYA PICKLE 250g  AHA,90.0,90.0,810.0,9.0,0.0,0.2,162.0
TAMARIND PICKLE 250g AHA,90.0,90.0,810.0,9.0,0.0,0.2,162.0
VINAYAKA VIGRAHAM 8 INCH,89.0,89.0,801.0,9.0,0.0,0.2,160.20000000000002
COCONUT KARAM 100G  VELLANKI FOODS,64.0,64.36363636363636,772.0,12.0,0.005649717514124242,0.19435028248587577,150.0384180790961
YELLOW JOWAR SORGHUM RAWA 500G SRI AHARYA,95.0,95.0,760.0,8.0,0.0,0.2,152.0
TOFU PANEER 200g SAI RATNA FOODS,39.5,43.88833333333333,750.5,17.0,0.09998860745072713,0.10001139254927288,75.0585501082293
SPECIALE COFFEE 200g JAR CONTINENTAL,749.0,749.0,749.0,1.0,0.0,0.2,149.8
JEERA PAPAD 200G EVR,68.0,68.0,748.0,11.0,0.0,0.2,149.6
AMERI DATES KG FLYBERRY,1440.0,1440.0,745.92,0.52,0.0,0.2,149.184
RASAM PODI 100g VELLANKI FOODS,60.0,60.4,728.0,12.0,0.0066225165562913135,0.1933774834437087,140.77880794701994
KEERA JUICE,40.0,40.0,720.0,18.0,0.0,0.2,144.0
FOXTAIL MILLET KORRALU BIYYAM 500g,80.0,80.0,720.0,9.0,0.0,0.2,144.0
LOW GI RICE 1Kg AISHWARYA,120.0,120.0,720.0,6.0,0.0,0.2,144.0
CHEESE SPREAD GARLI 200g MILKY MIST,117.5,119.16666666666667,715.0,6.0,0.013986013986014068,0.18601398601398594,132.99999999999994
GARAM MASALA 100g VELLANKI FOODS,70.0,70.88888888888889,708.0,10.0,0.01253918495297801,0.187460815047022,132.72225705329157
BAMBINO ROASTED VERMICELLI 800G,117.0,117.0,702.0,6.0,0.0,0.2,140.4
Apple Milk Shake,100.0,100.0,700.0,7.0,0.0,0.2,140.0
AMLA PICKLE  500g AHA,175.0,175.0,700.0,4.0,0.0,0.2,140.0
POTATO CHIPS 200G EVR,68.0,68.0,680.0,10.0,0.0,0.2,136.0
FRUIT BASKET 200,225.0,225.0,675.0,3.0,0.0,0.2,135.0
IDLY RAWA 500g,35.0,35.0,665.0,19.0,0.0,0.2,133.0
COCONUT SLICE KGS FLYBERRY,470.0,470.0,657.06,1.4000000000000001,0.0,0.2,131.412
GREEK HONEY AND FIG YOGHURT 100g MILKY MIST,40.0,40.0,640.0,16.0,0.0,0.2,128.0
IDLY KARAM FLYBERRY,500.0,500.0,631.0,1.28,0.0,0.2,126.2
SHRIKAND ELAICHI 100g MILKY MIST,45.0,45.0,630.0,14.0,0.0,0.2,126.0
MODERN BURGER BUN,45.0,45.0,630.0,14.0,0.0,0.2,126.0
HEKATPY QUINO COOKIES 125g,125.0,125.0,625.0,5.0,0.0,0.2,125.0
HEKTAPY HEALTHY DEL RAGI 125G,125.0,125.0,625.0,5.0,0.0,0.2,125.0
HEKTAPY MULTI MILLET S.N,125.0,125.0,625.0,5.0,0.0,0.2,125.0
MILLETS UPMA RAWA 500GMS SRI AHARYA,89.0,89.0,623.0,7.0,0.0,0.2,124.60000000000001
IMLI POP KG FLYBERRY,480.0,480.0,620.16,1.3,0.0,0.2,124.032
FRUIT BASKET 120 SADGURU,120.0,120.0,600.0,5.0,0.0,0.2,120.0
THUMS UP 1Lt PET BOTTLE,50.0,50.0,600.0,12.0,0.0,0.2,120.0
SRI LALITHA IDLY RAVA 1KG,60.0,60.0,600.0,10.0,0.0,0.2,120.0
DRIED BLACKBERRY KG FLYBERRY,3250.0,3250.0,598.0,0.19,0.0,0.2,119.60000000000001
LOTUS KAJOOS 13.5 G,4.5,4.922222222222222,591.5,122.0,0.08577878103837455,0.11422121896162546,67.56185101580147
VINAYAKA VIGRAHAM 12 INCH,118.0,118.0,590.0,5.0,0.0,0.2,118.0
PERI PERI CASHEW FLYBERRY,1775.0,1775.0,575.0999999999999,0.33,0.0,0.2,115.01999999999998
ELEPHANT FOREST HONEY 250G 1+1,76.05,81.12,574.6,7.0,0.06250000000000011,0.1374999999999999,79.00749999999995
THAI RED CHILLI KG ENGLISH ITEM SAMBERRY,930.0,930.0,561.72,0.61,0.0,0.2,112.34400000000001
Mango Juices,80.0,80.0,560.0,7.0,0.0,0.2,112.0
AMUL CHEESE SPREAD PLAIN 200g,110.0,110.8,554.0,5.0,0.0072202166064981865,0.19277978339350182,106.80000000000001
SPROUTED RAGI FLOUR 500GMS SRI AHARYA,69.0,69.0,552.0,8.0,0.0,0.2,110.4
CHEESE SPREAD 200g AMUL,110.0,110.0,550.0,5.0,0.0,0.2,110.0
FILTER COFFEE 150ML NEW BOLD ID FRESH,135.0,135.0,540.0,4.0,0.0,0.2,108.0
CUMIN JEERA KG FLYBERRY,950.0,950.0,528.2,0.56,0.0,0.2,105.64000000000001
GONGURA PICKLE 500g  AHA,175.0,175.0,525.0,3.0,0.0,0.2,105.0
PANDU MIRAPAKAI PICKLE 500g AHA,175.0,175.0,525.0,3.0,0.0,0.2,105.0
TOMATO PICKLE  500g AHA,175.0,175.0,525.0,3.0,0.0,0.2,105.0
CHAKKI ATTA GODHUMA PINDI 1Kg,65.0,65.0,520.0,8.0,0.0,0.2,104.0
STRAWBERRY LOCAL ANAND BOX,74.0,74.0,518.0,7.0,0.0,0.2,103.60000000000001
VANILLA FLAVOURED MIILK 180ML HERITAGE,30.0,30.0,510.0,17.0,0.0,0.2,102.0
BABY CORN PEELED SAMBERRY,190.0,190.0,506.91999999999996,2.67,0.0,0.2,101.384
MAAZA 600ML,42.0,42.0,504.0,12.0,0.0,0.2,100.80000000000001
ROASTED CHANA 200G,50.0,50.0,500.0,10.0,0.0,0.2,100.0
BANANA LEAF,5.0,5.0,500.0,100.0,0.0,0.2,100.0
HEKATPY BUCK WHEAT COOKIES 125g,125.0,125.0,500.0,4.0,0.0,0.2,100.0
POMEGRANATE CANE,100.0,100.0,500.0,5.0,0.0,0.2,100.0
HAZELNUT CHOCOLATE SPREAD 200g,499.0,499.0,499.0,1.0,0.0,0.2,99.80000000000001
HIMALAYAN HONEY 225g APIS,165.0,165.0,495.0,3.0,0.0,0.2,99.0
CORN FLAKES 200G EVR,49.0,49.0,490.0,10.0,0.0,0.2,98.0
FRESH DATES YELLOW BOX ANAND,69.9,69.9,489.30000000000007,7.0,0.0,0.2,97.86000000000001
WHITE JOWAR SORGHUM RAWA 500GMS SRI AHARYA,69.0,69.0,483.0,7.0,0.0,0.2,96.60000000000001
WHEELS PAPAD 200g EVR,48.0,48.0,480.0,10.0,0.0,0.2,96.0
MILLET DOSA BATTER 1Kg DSL,120.0,120.0,480.0,4.0,0.0,0.2,96.0
SPRITE 600ML,40.0,40.0,480.0,12.0,0.0,0.2,96.0
NALLA KARAM 250g AHA,120.0,120.0,480.0,4.0,0.0,0.2,96.0
BAT PAPAD 200G EVR,47.84,49.68888888888889,478.4,10.0,0.037209302325581395,0.16279069767441862,77.87906976744186
FINGER CHIPS PAPAD 200G EVR,43.68,49.028571428571425,478.4,10.0,0.10909090909090902,0.090909090909091,43.49090909090913
BANANA TREE,59.0,59.0,472.0,8.0,0.0,0.2,94.4
PLAIN CUP PAPAD 200G EVR,52.0,52.0,468.0,9.0,0.0,0.2,93.60000000000001
TUTTI FRUITY KG FLYBERRY,330.0,330.0,467.94,1.42,0.0,0.2,93.58800000000001
AASHIRVAD CORIANDER PWD 200G,92.0,92.0,460.0,5.0,0.0,0.2,92.0
NARINJAAKAYA KG LOOSE,114.0,114.0,459.65,4.03,0.0,0.2,91.93
TNS DATES 200g,90.0,90.0,450.0,5.0,0.0,0.2,90.0
LEMON PICKLE 500g  AHA,150.0,150.0,450.0,3.0,0.0,0.2,90.0
DAMPUDU BIYYAM 1Kg AISHWARYA,72.0,74.0,445.0,6.0,0.027027027027026973,0.17297297297297304,76.972972972973
IGURU KARAM 100g VELLANKI FOODS,62.4,63.42857142857143,444.0,7.0,0.016216216216216273,0.18378378378378374,81.59999999999998
TATA IODISED CRYSTAL SALT 1KG,22.0,22.0,440.0,20.0,0.0,0.2,88.0
NALLA KARAM 100g VELLANKI FOODS,62.0,62.0,434.0,7.0,0.0,0.2,86.80000000000001
TRIANGLE PAPAD 200G EVR,48.0,48.0,432.0,9.0,0.0,0.2,86.4
CALIFORNIA BLACK seedless GRAPES,349.0,349.0,427.18,1.22,0.0,0.2,85.436
BAMBINO ROASTED VERMICELI 500G,70.0,70.0,420.0,6.0,0.0,0.2,84.0
RED CHILLI PAPAD 200G EVR,68.0,68.0,408.0,6.0,0.0,0.2,81.60000000000001
GARLIC PICKLE 250g AHA,100.0,100.0,400.0,4.0,0.0,0.2,80.0
CRUNCHY BANANA CHIPS 65g FLYBERRY,99.0,99.0,396.0,4.0,0.0,0.2,79.2
GOLDEN KIWI FRUIT BIG,79.0,79.0,395.0,5.0,0.0,0.2,79.0
BITTER GAURD KARAM PODI 100g VELLANKI FOODS,64.0,64.66666666666667,388.0,6.0,0.010309278350515538,0.18969072164948447,73.59999999999998
STAR PAPAD 200G EVR,48.0,48.0,384.0,8.0,0.0,0.2,76.80000000000001
SRI DIVYA DEEPARDHANA OIL 910 ML,190.0,190.0,380.0,2.0,0.0,0.2,76.0
KASOORI METHI PAPAD 200G EVR,75.0,75.0,375.0,5.0,0.0,0.2,75.0
HEKTAPY HEALTHY DEL JOWAR 125G,125.0,125.0,375.0,3.0,0.0,0.2,75.0
HEKTAPY RAJGIRI COOKIES 125g,125.0,125.0,375.0,3.0,0.0,0.2,75.0
SPICE ALMOND DRAGEE KG LOOSE FLYBERRY,2199.0,2199.0,373.83,0.17,0.0,0.2,74.766
GRAPE JUICE,50.0,54.0,370.0,7.0,0.07407407407407407,0.12592592592592594,46.592592592592595
IDLY RAWA ORANGE 1KG AISHWARYA,60.0,60.0,360.0,6.0,0.0,0.2,72.0
PUTNALU KOBBARIKARAM 250g AHA,120.0,120.0,360.0,3.0,0.0,0.2,72.0
THUMS UP  600ml PET BOTTLE,40.0,40.0,360.0,9.0,0.0,0.2,72.0
CHEESE SPREAD NATURAL OR PLAIN 200g MILKYMIST,116.0,118.33333333333333,355.0,3.0,0.019718309859154903,0.1802816901408451,64.00000000000001
SMALL AMLA,105.0,118.72,354.14,3.13,0.11556603773584906,0.08443396226415095,29.901443396226416
CORN FLOUR 200g EVR,38.0,38.0,342.0,9.0,0.0,0.2,68.4
COKE 250ML,20.0,20.0,340.0,17.0,0.0,0.2,68.0
ORANGE DRAGES KG LOOSE FLYBERRY,2599.0,2599.0,322.28,0.12,0.0,0.2,64.456
ENG ITEM PARSLEY SAMBERRY,306.4,312.44444444444446,320.46,1.03,0.019345661450924756,0.18065433854907526,57.89248933143665
BAMBINO VERMICELLI 500GM,53.0,53.0,318.0,6.0,0.0,0.2,63.6
red thotakura,69.0,73.28571428571429,311.15,4.17,0.0584795321637428,0.1415204678362572,44.03409356725143
LOTUS ECLAIRS  250G,50.0,50.0,300.0,6.0,0.0,0.2,60.0
DRAGAN FRUIT JUICE,100.0,100.0,300.0,3.0,0.0,0.2,60.0
CREAMY COFFEE HAZELNUT 22g CONTINENTAL,30.0,30.0,300.0,10.0,0.0,0.2,60.0
LEMON JUICE,20.0,20.0,300.0,15.0,0.0,0.2,60.0
ARTISANAL CURD 400g EPIGAMIA,100.0,100.0,300.0,3.0,0.0,0.2,60.0
THIS IS CARAMEL CREAMY COFFEE22g CONTINENTAL,30.0,30.0,300.0,10.0,0.0,0.2,60.0
FLYBERRY CRUNCHY BANANA CHIPS 25g,49.5,49.5,297.0,6.0,0.0,0.2,59.400000000000006
THREE MANGO MIRCHI PWD 200G,145.0,145.0,290.0,2.0,0.0,0.2,58.0
THUMMIKURA,99.0,99.0,279.97,2.83,0.0,0.2,55.99400000000001
LETTUCE RED ENG ITEM SAMBERRY,253.0,290.2,275.15000000000003,0.95,0.12818745692625777,0.07181254307374224,19.75922122674018
WHOLE WHEAT BREAD 400g MR BREADY NANDAS,55.0,55.0,275.0,5.0,0.0,0.2,55.0
CHIKKUDUKAYA PICKLE 250g AHA,90.0,90.0,270.0,3.0,0.0,0.2,54.0
DRIED DATES YELLOW250 GM,125.0,125.0,250.0,2.0,0.0,0.2,50.0
AKSHYAKALPA ORGANIC TONED MILK UHT 1Lt. TETRA,125.0,125.0,250.0,2.0,0.0,0.2,50.0
CHEESE SPREAD PEPPER 200g MILKY MIST,120.0,120.0,240.0,2.0,0.0,0.2,48.0
FRUIT BASKET 240 SADGURU,240.0,240.0,240.0,1.0,0.0,0.2,48.0
KANDI KARAM 250GM AHA,120.0,120.0,240.0,2.0,0.0,0.2,48.0
KARIVEPAKU KARAM 250g AHA,120.0,120.0,240.0,2.0,0.0,0.2,48.0
KOBBARI KARAM 250g AHA,120.0,120.0,240.0,2.0,0.0,0.2,48.0
MUNAGAKU KARAM 250g AHA,120.0,120.0,240.0,2.0,0.0,0.2,48.0
FlyberryAlmondRoastedSalted,2000.0,2000.0,236.0,0.12,0.0,0.2,47.2
CASHEW WITH CHOCO COATED FLYBERRY,1100.0,1100.0,233.2,0.21000000000000002,0.0,0.2,46.64
BITTER GUARD PICKLE 250G VELLANKI FOODS,111.0,115.0,230.0,2.0,0.034782608695652195,0.16521739130434782,38.0
SAUNF 100gm EVR,45.0,45.0,225.0,5.0,0.0,0.2,45.0
CHEESE SPREAD GARLIC200G AMUL,110.4,112.0,224.0,2.0,0.014285714285714235,0.18571428571428578,41.600000000000016
TAMARIND PICKLE250G VELLANKI FOODS,110.0,110.0,220.0,2.0,0.0,0.2,44.0
MODERN  CRUST PIZZA BASE 150g,35.0,35.0,210.0,6.0,0.0,0.2,42.0
MARATHI MOGGA 50gms EVR,42.0,42.0,210.0,5.0,0.0,0.2,42.0
AVOCADO JUICE,100.0,100.0,200.0,2.0,0.0,0.2,40.0
AASHIRVAD CHILLI PWD 100G,50.0,50.0,200.0,4.0,0.0,0.2,40.0
BUTTER MILK 170ML HERITAGE SACHET,10.0,10.0,200.0,20.0,0.0,0.2,40.0
AMUL INDIA TWILIGHT TRYST 125g,200.0,200.0,200.0,1.0,0.0,0.2,40.0
IMP ORANGE CANE,100.0,100.0,200.0,2.0,0.0,0.2,40.0
WHITE JOWAR RAWA 500g,50.0,50.0,200.0,4.0,0.0,0.2,40.0
OKRA CHIPS VACUUM FRIED 20g FLYBERRY,49.0,49.0,196.0,4.0,0.0,0.2,39.2
MANGO BELLAM AVAKAI 250g AHA,90.0,90.0,180.0,2.0,0.0,0.2,36.0
ANJUR JUICE,60.0,60.0,180.0,3.0,0.0,0.2,36.0
NANDAS Mr BREADRY ZERO MAIDA 450g,60.0,60.0,180.0,3.0,0.0,0.2,36.0
FREEDOM MUSTARD OIL 1 Lt,178.0,178.0,178.0,1.0,0.0,0.2,35.6
TAMARIND PICKLE 500g AHA,175.0,175.0,175.0,1.0,0.0,0.2,35.0
ROASTED SALTED ALMOND  KGS FLYBERRY,1650.0,1650.0,174.9,0.11,0.0,0.2,34.980000000000004
DEHYDRATED PAPAYA  KGS FLYBERRY,809.964,809.98,173.34,0.21000000000000002,1.9753574162284515e-05,0.19998024642583773,34.66457591545471
ROUND CHEKKALU 250g VELLANKI FOODS,160.0,160.0,160.0,1.0,0.0,0.2,32.0
ELEPHANT FOREST HONEY 500G 1+1,159.5,159.5,159.5,1.0,0.0,0.2,31.900000000000002
THAMALAPAKULU,1.0,1.0,155.0,155.0,0.0,0.2,31.0
THIS CREAMY CARAMEL 18G CONTINENTAL,10.0,10.0,150.0,15.0,0.0,0.2,30.0
THIS IS CAPPUCCINO 22g CONTINENTAL,30.0,30.0,150.0,5.0,0.0,0.2,30.0
CHICKPEAS 50g FLYBERRY GOURMET,49.0,49.0,147.0,3.0,0.0,0.2,29.400000000000002
FLYBERRY CRISPY SWEET CORN 12g,49.0,49.0,147.0,3.0,0.0,0.2,29.400000000000002
ANJEER BOX PACK ANAND,72.0,72.0,144.0,2.0,0.0,0.2,28.8
JUBJUB GUAVA JUICE,70.0,70.0,140.0,2.0,0.0,0.2,28.0
MASALA KARAM 250g AHA,140.0,140.0,140.0,1.0,0.0,0.2,28.0
FlyberryPeriPeriAlmond,2000.0,2000.0,132.0,0.07,0.0,0.2,26.400000000000002
DEHYDRATED GINGER  KGS FLYBERRY,1035.0,1035.0,126.27,0.12,0.0,0.2,25.254
THREE MANGO RAI PWD 200G,42.0,42.0,126.0,3.0,0.0,0.2,25.200000000000003
HEKATPY PEARL MILLET COOKIE 125g,125.0,125.0,125.0,1.0,0.0,0.2,25.0
HEKTAPY OAT COOKIES  125g,125.0,125.0,125.0,1.0,0.0,0.2,25.0
AKSHAYAKALPA TABLE BUTTER SALTED 100g TUB ORGANIC,125.0,125.0,125.0,1.0,0.0,0.2,25.0
RED SEEDLESS GRAPES,436.0,436.0,122.95,0.28,0.0,0.2,24.590000000000003
ORANGE JUICE,120.0,120.0,120.0,1.0,0.0,0.2,24.0
Moosambi Economy,49.0,49.0,106.53,2.17,0.0,0.2,21.306
FLYBERRY SHAHJEERA CARAWAY SEEDS,990.0,990.0,104.94,0.11,0.0,0.2,20.988
POPU SEEDS LOOSE,100.0,100.0,100.0,1.0,0.0,0.2,20.0
FLYBERRY SPICED CHICKPEAS CRISP 31g,49.5,49.5,99.0,2.0,0.0,0.2,19.8
SPICED TARO CHIPS 30g FLYBERRY GOURMET,99.0,99.0,99.0,1.0,0.0,0.2,19.8
ASL  IDLY & DOSA BATTER  1KG,95.0,95.0,95.0,1.0,0.0,0.2,19.0
CUCUMBER WHITE,69.0,69.0,90.8,1.32,0.0,0.2,18.16
DOUBLE BEANS,119.0,119.0,85.44,0.72,0.0,0.2,17.088
ASH GOURD JUICE,40.0,40.0,80.0,2.0,0.0,0.2,16.0
IODIZED SALT 1KG PON,20.0,20.0,80.0,4.0,0.0,0.2,16.0
Snake Gourd Small,39.0,40.25,79.6,2.01,0.03105590062111796,0.16894409937888205,13.44795031055901
WHEAT GRASS,39.0,39.0,78.0,2.0,0.0,0.2,15.600000000000001
koyakura,59.0,59.0,75.06,1.26,0.0,0.2,15.012
IDLI POWDER AKA GUNDPOWDER AKA KARAM PODI PREMIUM KG LOOSE FLYBER,799.0,799.0,73.51,0.09,0.0,0.2,14.702000000000002
COCONUT MILK YOGURT-BLUEBERRY EPIGAMIA,70.0,70.0,70.0,1.0,0.0,0.2,14.0
MOONGDAL RICE RAWA 500G AISHWARYA,70.0,70.0,70.0,1.0,0.0,0.2,14.0
BRINTAN TOFU PANEER 200G,69.0,69.0,69.0,1.0,0.0,0.2,13.8
THUMS UP 1.25L,68.0,68.0,68.0,1.0,0.0,0.2,13.600000000000001
FRESH CREAM 200ML HERITAGE,65.0,65.0,65.0,1.0,0.0,0.2,13.0
WATER MELON PLATE,30.0,30.0,60.0,2.0,0.0,0.2,12.0
Mango Milk Shake,60.0,60.0,60.0,1.0,0.0,0.2,12.0
VARI NUKA AISHWARYA 500G,30.0,30.0,60.0,2.0,0.0,0.2,12.0
QUINOA SEEDS KGS FLYBERRY,465.0,465.0,55.8,0.12,0.0,0.2,11.16
MILK BREAD 350g SPENCERS GOLDEN CRUST NANDA,55.0,55.0,55.0,1.0,0.0,0.2,11.0
FILTER COFFE STRONG 5 10ml ID FRESH,55.0,55.0,55.0,1.0,0.0,0.2,11.0
PARSLEY PACK,50.0,50.0,50.0,1.0,0.0,0.2,10.0
CDM CRACKLE 36G,50.0,50.0,50.0,1.0,0.0,0.2,10.0
THADKA MIX POPU DINUSULU 200G,48.0,48.0,48.0,1.0,0.0,0.2,9.600000000000001
SUN MELON YELLOW,36.0,36.0,46.73,1.3,0.0,0.2,9.346
YELLOW CAULIFLOWER PC,45.0,45.0,45.0,1.0,0.0,0.2,9.0
LETTUCE ROCKET ARUGULA KG ENGLISH ITEM SAMBERRY,316.0,316.0,36.66,0.12,0.0,0.2,7.332
REDCHILLY,56.0,56.0,33.49,0.6,0.0,0.2,6.698
NUVULA KARAM FLYBERRY,550.0,550.0,31.9,0.06,0.0,0.2,6.38
COW MILK 500ml GOLDEN HERITAGE,31.0,31.0,31.0,1.0,0.0,0.2,6.2
HOME DELIVERY CHARGES,1.0,1.0,30.0,30.0,0.0,0.2,6.0
mulagaku,129.0,129.0,18.06,0.14,0.0,0.2,3.612
CARRY BAG SML 1Kg HOLDING CAPACITY,3.0,3.0,12.0,4.0,0.0,0.2,2.4000000000000004
BRITANNIA MILK BIKIS 71GM,10.0,10.0,10.0,1.0,0.0,0.2,2.0
