branch,product,avg_daily_units,max_daily_units,std_daily_units,days_sold,volatility_ratio,cv_units
0007-ANJANEYA NAGER,A2 BUFFALO MILK 500ml SIDS FARM,15.918032786885245,36.0,5.415571003654408,183,1.2615859938208034,0.3402160980668578
0007-ANJANEYA NAGER,AA KAKARAKAI,3.4449484536082475,7.7,1.534567069588453,97,1.2351568111084512,0.4454542906095282
0007-ANJANEYA NAGER,AASHIRVAAD ATTA 1KG,2.0120481927710845,6.0,1.3112456924397562,83,1.9820359281437123,0.6516969609131722
0007-ANJANEYA NAGER,AASHIRVAAD CRYSTAL SALT 1KG,1.2641509433962264,3.0,0.5244390188289262,53,1.3731343283582091,0.4148547462378073
0007-ANJANEYA NAGER,AASHIRVAAD SALT 1KG,1.3773584905660377,4.0,0.7397092748646285,53,1.9041095890410962,0.5370491995592508
0007-ANJANEYA NAGER,AASHIRVAD ATTA 2KG,1.625,4.0,0.9237212077056678,24,1.4615384615384615,0.5684438201265648
0007-ANJANEYA NAGER,AASHIRVAD CHILLI PWD 200G,1.5,4.0,1.0801234497346435,10,1.6666666666666667,0.7200822998230957
0007-ANJANEYA NAGER,AASHIRVAD CORIANDER PWD 100G,1.170731707317073,3.0,0.4417261042993862,41,1.5625000000000002,0.37730771408905905
0007-ANJANEYA NAGER,AASHIRVAD CORIANDER PWD 200G,1.25,2.0,0.5,4,0.6,0.4
0007-ANJANEYA NAGER,AASHIRVAD MULITGRAIN ATTA 1KG,1.5098039215686274,4.0,0.7034926870865921,51,1.6493506493506493,0.46594970183657397
0007-ANJANEYA NAGER,AASHIRVAD SELECT ATTA 1KG,1.3584905660377358,4.0,0.6820314571653825,53,1.9444444444444449,0.5020509337467399
0007-ANJANEYA NAGER,AASHIRVAD TURMERIC PWD 100G,1.5217391304347827,4.0,0.897955517089759,23,1.6285714285714283,0.5900850540875558
0007-ANJANEYA NAGER,ABC CANE JUICE,2.0833333333333335,8.0,1.3585337813568417,96,2.8399999999999994,0.6520962150512839
0007-ANJANEYA NAGER,AFGHANI RAISINS KGS FLYBERRY,0.18480769230769228,0.49,0.10173958268425427,52,1.6514047866805415,0.5505159520896173
0007-ANJANEYA NAGER,AGMARK GHEE 500 ML HERITAGE,1.162162162162162,2.0,0.37368387661182223,37,0.7209302325581397,0.32154194034040523
0007-ANJANEYA NAGER,AJWA DATES KGS FLYBERRY LOOSE KGS,0.15,0.24,0.07810249675906653,3,0.6,0.5206833117271102
0007-ANJANEYA NAGER,AJWAIN 100g,1.297872340425532,4.0,0.6565686035555144,47,2.081967213114754,0.5058807273296586
0007-ANJANEYA NAGER,AK COUNTRY EGGS 6PC PACK AKSHAYA KALPA,1.105263157894737,2.0,0.3153017676423058,19,0.8095238095238093,0.28527302786684805
0007-ANJANEYA NAGER,AK ORGANIC HIGH PROTEIN PANEER 200g,1.6585365853658536,8.0,1.2963363008409694,41,3.823529411764706,0.7816145343305845
0007-ANJANEYA NAGER,AKSHAYA KALPA ORGANIC COW GHEE 195ml,1.0769230769230769,2.0,0.2773500981126146,13,0.8571428571428572,0.2575393768188564
0007-ANJANEYA NAGER,AKSHAYA MULTI FLORAL RAW HOENY 250g,1.069767441860465,2.0,0.25776963111323353,43,0.8695652173913045,0.24095856821454442
0007-ANJANEYA NAGER,ALMOND DRAGES KG LOOSE FLYBERRY,0.16833333333333333,0.24,0.06886526150697639,12,0.4257425742574257,0.4091005634077805
0007-ANJANEYA NAGER,ALMOND REGULAR  250 GM,1.25,2.0,0.5,4,0.6,0.4
0007-ANJANEYA NAGER,ALMONDO BAR 35g CHOCOLATE AMUL,3.4545454545454546,9.0,2.364967989862356,22,1.6052631578947367,0.6845959970654188
0007-ANJANEYA NAGER,ALPHONSO LOCAL KG LOOSE,5.088351648351648,12.64,2.617175858624994,91,1.4841050449205253,0.5143464995138097
0007-ANJANEYA NAGER,ALPHONSO MANGO PC RATNAGIRI,6.5625,30.0,7.957962469543738,16,3.5714285714285716,1.2126419001209505
0007-ANJANEYA NAGER,AMERI DATES KG FLYBERRY,0.17333333333333334,0.23,0.055075705472861024,3,0.3269230769230769,0.3177444546511213
0007-ANJANEYA NAGER,AMLA,3.6674175824175825,9.55,1.4323038781093773,182,1.6040121653407644,0.39054834796456267
0007-ANJANEYA NAGER,AMLA CANDY KG FLYBERRY,0.111875,0.22,0.0462195845935465,16,0.9664804469273742,0.4131359516741586
0007-ANJANEYA NAGER,AMLA PICKLE  250g AHA,1.1111111111111112,2.0,0.3333333333333333,9,0.7999999999999999,0.3
0007-ANJANEYA NAGER,AMLA PICKLE 250GMS VELLANKI FOODS,1.2727272727272727,2.0,0.46709936649691375,11,0.5714285714285715,0.367006645104718
0007-ANJANEYA NAGER,AMRUTHA - A2 ORGANIC CURD. 500g AKSHAYAKALPA,1.7431192660550459,5.0,0.9756637790335227,109,1.8684210526315792,0.5597229048139684
0007-ANJANEYA NAGER,AMUL DARK CHOCOLATE 125G,1.5,3.0,0.674199862463242,12,1.0,0.4494665749754947
0007-ANJANEYA NAGER,AMUL FRUIT N NUT CHOCOLATE ILU 150g,1.1666666666666667,2.0,0.38924947208076155,12,0.7142857142857142,0.33364240464065276
0007-ANJANEYA NAGER,ANAR,23.441639344262292,53.8,8.303228588331883,183,1.2950613312446677,0.3542085289510364
0007-ANJANEYA NAGER,APPLE BARE,0.8975000000000001,1.36,0.4121791681619374,4,0.5153203342618384,0.4592525550550834
0007-ANJANEYA NAGER,APPLE JUICE,1.375,3.0,0.7440238091428449,8,1.1818181818181819,0.54110822483116
0007-ANJANEYA NAGER,APPLE MILKSHAKES,1.1428571428571428,2.0,0.3779644730092272,7,0.7500000000000001,0.33071891388307384
0007-ANJANEYA NAGER,APPLE ROYAL GALA,14.728306010928963,39.54,6.553182422448404,183,1.6846264581045383,0.4449379594357758
0007-ANJANEYA NAGER,APRICOTS ORANGE TURKISH KG FLYBERRY,0.14205128205128206,0.32,0.07262664029054379,39,1.2527075812274366,0.5112705724424562
0007-ANJANEYA NAGER,ARTISANAL ORGANIC SET CURD 400g AKSHAYAKALPA,1.175,2.0,0.38480764425479275,40,0.702127659574468,0.32749586745088743
0007-ANJANEYA NAGER,ASH GOURD,8.588192090395479,30.06,5.60481571622936,177,2.5001545940754295,0.6526188116469182
0007-ANJANEYA NAGER,ASPARAGUS KG SAMBERRY,0.6900000000000001,1.04,0.4949747468305833,2,0.5072463768115941,0.7173547055515699
0007-ANJANEYA NAGER,AVOCADO IMP SAMBERRY,1.8456353591160222,5.57,1.0419470340923753,181,2.0179309106148597,0.5645465280809433
0007-ANJANEYA NAGER,AVOCADO LOCAL,0.843,3.0,0.6168347205400877,70,2.5587188612099645,0.7317137847450625
0007-ANJANEYA NAGER,Akshayakalpa Organic Ghee 490ml,1.0833333333333333,2.0,0.28867513459481287,12,0.8461538461538463,0.2664693550105965
0007-ANJANEYA NAGER,Alubukhar LOOSE KG FLYBERRY,0.134,0.44,0.09691061173404421,25,2.2835820895522385,0.723213520403315
0007-ANJANEYA NAGER,Apple Milk Shake,1.4,3.0,0.8944271909999159,5,1.142857142857143,0.6388765649999399
0007-ANJANEYA NAGER,BABY CORN PEELED,3.4186046511627906,9.0,1.9283366542546407,172,1.6326530612244898,0.5640712662105412
0007-ANJANEYA NAGER,BABY CORN PEELED SAMBERRY,0.89,1.33,0.4975942121849893,3,0.49438202247191015,0.5590946204325722
0007-ANJANEYA NAGER,BABY ORANGE,7.119945355191257,15.81,2.8503553850657557,183,1.2205226601174257,0.4003338850048223
0007-ANJANEYA NAGER,BABY POTATO,3.3731081081081085,11.93,2.2760620161055156,148,2.5367974039501617,0.6747669932767443
0007-ANJANEYA NAGER,BACHALAKURA,2.236011235955056,5.91,1.1891559651608195,178,1.643099419612573,0.5318202100415212
0007-ANJANEYA NAGER,BADAM FLAVOURED MILK 180ML  PP BOTTLE HERITAGE,4.323943661971831,21.0,3.002479579948745,142,3.8566775244299674,0.6943845282617619
0007-ANJANEYA NAGER,BAILLEY  WATER 1LTR,1.5121951219512195,6.0,1.0030441470721068,41,2.9677419354838714,0.6633033875799416
0007-ANJANEYA NAGER,BAILLEY WATER  500ML,2.918032786885246,52.0,6.936125436118768,61,16.820224719101123,2.3769868067598026
0007-ANJANEYA NAGER,BAJRA FLOUR 500G,1.3793103448275863,3.0,0.6768515929047769,29,1.1749999999999998,0.4907174048559632
0007-ANJANEYA NAGER,BAMBINO ROASTED VERMICELLI 800G,1.2,2.0,0.4472135954999579,5,0.6666666666666667,0.37267799624996495
0007-ANJANEYA NAGER,BAMBINO VERMICELLI 500GM,1.2,2.0,0.4472135954999579,5,0.6666666666666667,0.37267799624996495
0007-ANJANEYA NAGER,BANANA CASHEWNUT LOAF 350g KALSAN FOODS,1.5625,3.0,0.727438428093173,16,0.92,0.46556059397963073
0007-ANJANEYA NAGER,BANANA CHOCOCHIP LOAF 350g KALSAN FOODS,4.8,12.0,2.4283441572215314,160,1.5,0.5059050327544857
0007-ANJANEYA NAGER,BANANA FLOWER,1.3764705882352941,3.0,0.5971454036105622,85,1.1794871794871795,0.4338235838196392
0007-ANJANEYA NAGER,BANANA LEAF,20.0,54.0,21.20141504711419,5,1.7,1.0600707523557094
0007-ANJANEYA NAGER,BANANA TREE,4.0,6.0,2.8284271247461903,2,0.5,0.7071067811865476
0007-ANJANEYA NAGER,BANANAJUICE,1.2777777777777777,3.0,0.5745131499601416,18,1.347826086956522,0.4496189869253282
0007-ANJANEYA NAGER,BANANAS 30g FLYBERRY GOURMET,1.4054054054054055,3.0,0.5507297915523576,37,1.1346153846153846,0.3918654286045621
0007-ANJANEYA NAGER,BANDARU HALWA 250g VELLANKI FOODS,1.1666666666666667,2.0,0.3752933125204008,72,0.7142857142857142,0.32167998216034355
0007-ANJANEYA NAGER,BANGINAPALLI MANGO LOOSE KGS,35.79330708661417,141.64,15.637137574251257,127,2.9571643843150195,0.43687322706482096
0007-ANJANEYA NAGER,BARNYARD MILLET UDALU 500G,1.1666666666666667,2.0,0.3834824944236852,18,0.7142857142857142,0.3286992809345873
0007-ANJANEYA NAGER,BASIL LEAF KG ENGLISH ITEM SAMBERRY,0.0840625,0.28,0.060153533401165735,32,2.330855018587361,0.7155810664822689
0007-ANJANEYA NAGER,BASMATHI RICE 1KG,1.475609756097561,3.0,0.6889894148176762,82,1.0330578512396695,0.46691844640536734
0007-ANJANEYA NAGER,BAT PAPAD 200G EVR,1.1111111111111112,2.0,0.3333333333333333,9,0.7999999999999999,0.3
0007-ANJANEYA NAGER,BEAUTY PEARS,3.928415300546448,11.13,2.1686465121613665,183,1.8332035053554046,0.5520410512248297
0007-ANJANEYA NAGER,BEET ROOT,14.242295081967214,26.79,3.9604030736599016,183,0.8810170584037385,0.2780733758756578
0007-ANJANEYA NAGER,BELGIAN CHOCOLATE 125g AMUL,1.2,2.0,0.4216370213557839,10,0.6666666666666667,0.35136418446315326
0007-ANJANEYA NAGER,BELLAM KOMMULU 250g VELLANKI FOODS,1.253968253968254,4.0,0.5670595908906715,63,2.189873417721519,0.4522120788115481
0007-ANJANEYA NAGER,BELLAM SUNNIVUNDALU 250g VELLANKI FOODS,1.2142857142857142,4.0,0.507704614077201,70,2.294117647058824,0.4181096821812244
0007-ANJANEYA NAGER,BESAN 500g,1.7765957446808511,6.0,1.0385500160780297,94,2.377245508982036,0.5845730629421244
0007-ANJANEYA NAGER,BIG BRINJAL BLUE,2.5224285714285712,6.76,1.5417218587752082,140,1.6799569575805628,0.6112053582956594
0007-ANJANEYA NAGER,BIRYANI LEAFS 50G,1.3387096774193548,3.0,0.510337348636183,62,1.2409638554216869,0.38121585078847403
0007-ANJANEYA NAGER,BITTER CHOCOLATE 150g 90% BITTER AMUL,1.1111111111111112,2.0,0.3333333333333333,9,0.7999999999999999,0.3
0007-ANJANEYA NAGER,BITTER CHOCOLATE 150g AMUL,1.0769230769230769,2.0,0.2773500981126146,13,0.8571428571428572,0.2575393768188564
0007-ANJANEYA NAGER,BITTER GOURD,4.055561797752809,10.67,1.838082693375052,178,1.6309548546177397,0.45322517200786727
0007-ANJANEYA NAGER,BLACK GRAPES,1.763238095238095,5.08,1.1908493213782783,105,1.881062979366966,0.6753763570526047
0007-ANJANEYA NAGER,BLACK PEPPER WHOLE 50G,1.4915254237288136,6.0,0.8783385836031218,59,3.022727272727273,0.5888860958248203
0007-ANJANEYA NAGER,BLACK ROUND BRINJAL,4.691803278688525,14.06,1.9424085888204004,183,1.9967155835080364,0.4140004329770944
0007-ANJANEYA NAGER,BLACK SEEDED GRAPES,5.6571428571428575,12.51,4.004365078578585,28,1.2113636363636362,0.707842311869952
0007-ANJANEYA NAGER,BLUE BERRY,4.413793103448276,12.0,2.296273553913608,174,1.71875,0.5202494770585518
0007-ANJANEYA NAGER,BOMBAY RAWA 500g,1.484375,5.0,0.8355624946942525,64,2.3684210526315788,0.5629052595834964
0007-ANJANEYA NAGER,BOMBAY RAWA1Kg,1.5617977528089888,4.0,0.8112148042480835,89,1.5611510791366905,0.5194109178279095
0007-ANJANEYA NAGER,BOONDI 250g VELLANKI FOODS,1.6865671641791045,6.0,0.9128811734330153,134,2.5575221238938055,0.5412658284956816
0007-ANJANEYA NAGER,BOONDI LADDU 250g VELLANKI FOODS,2.0725806451612905,6.0,1.1837201046389343,124,1.8949416342412448,0.5711334357012756
0007-ANJANEYA NAGER,BOONDI MITAI ATCHU 250g VELLANKI FOODS,1.6346153846153846,4.0,0.8011847090486954,104,1.4470588235294117,0.49013652788861367
0007-ANJANEYA NAGER,BOORELU 250g VELLANKI FOODS,1.2380952380952381,3.0,0.5058464841423925,84,1.423076923076923,0.4085683141150093
0007-ANJANEYA NAGER,BOTTLE GOURD,35.885245901639344,73.0,10.239062823039287,183,1.0342622201918685,0.28532792700109477
0007-ANJANEYA NAGER,BROWN ANJEER BOX TURKEY,5.907407407407407,12.0,3.0298422558011886,54,1.031347962382445,0.5128886577218313
0007-ANJANEYA NAGER,BROWN CHANA 500g,1.4794520547945205,7.0,0.973390252917547,73,3.731481481481482,0.6579397079905642
0007-ANJANEYA NAGER,BROWN EGGS 6PC UPF HEALTHY U N V,1.2391304347826086,3.0,0.48003623051671385,46,1.4210526315789476,0.38739765971524276
0007-ANJANEYA NAGER,BROWN RICE HMT 1kg,1.3421052631578947,4.0,0.7081119086039195,38,1.9803921568627452,0.5276127946460577
0007-ANJANEYA NAGER,BUFFALO CURD 400g SIDS FARM,2.2450331125827816,6.0,1.232703735248761,151,1.6725663716814159,0.5490804248453184
0007-ANJANEYA NAGER,BUFFALO GHEE 250g  VELLANKI FOODS,2.1868131868131866,7.0,1.4369109452965638,91,2.2010050251256286,0.6570798795074739
0007-ANJANEYA NAGER,BUFFALO GHEE 350g SIDS FARM,1.2162162162162162,4.0,0.583815759328952,37,2.2888888888888888,0.480026291003805
0007-ANJANEYA NAGER,BUSH BEANS,11.993770491803279,23.56,4.123429370222364,183,0.964353079467483,0.34379758834308
0007-ANJANEYA NAGER,BUTTER GARLIC N HERBS 100g AMUL,1.4074074074074074,3.0,0.5993241010148871,54,1.131578947368421,0.4258355454579461
0007-ANJANEYA NAGER,BUTTER MILK 170ML HERITAGE SACHET,10.0,19.0,12.727922061357855,2,0.9,1.2727922061357855
0007-ANJANEYA NAGER,BUTTER MILK PLAIN 200ml POUCH AKSHAYA KALPA,4.0,14.0,2.909487288006216,44,2.5,0.727371822001554
0007-ANJANEYA NAGER,BUTTER MILK SPICED 200ml POUCH AKSHAYA KALPA,3.9523809523809526,10.0,2.7933054198223344,42,1.5301204819277108,0.7067399254972171
0007-ANJANEYA NAGER,BUTTER SCHOOL PACK 100g AMUL,1.4705882352941178,4.0,0.7876045045674722,34,1.7199999999999998,0.5355710631058811
0007-ANJANEYA NAGER,BUTTON MUSHROOM,18.89071038251366,39.0,6.290501389741694,183,1.064506797801562,0.33299443283851027
0007-ANJANEYA NAGER,Banana Stem,1.6721311475409837,5.0,0.8375744491475297,122,1.9901960784313724,0.500902366647052
0007-ANJANEYA NAGER,Banana Yalakki,8.996373626373625,19.09,3.0036213930673337,182,1.1219661157731444,0.33387023680985917
0007-ANJANEYA NAGER,Beetroot Juice,1.1666666666666667,2.0,0.3892494720807615,12,0.7142857142857142,0.3336424046406527
0007-ANJANEYA NAGER,Black Chilly,17.449234972677594,34.04,4.898087703153262,183,0.9508018576917899,0.2807050114702907
0007-ANJANEYA NAGER,CABBAGE,17.08065573770492,41.69,6.769195222716647,183,1.4407728040540537,0.3963076902120272
0007-ANJANEYA NAGER,CALIFORINA RED GRAPES,1.8525,6.2,1.2522478498361875,156,2.3468286099865048,0.6759772468751349
0007-ANJANEYA NAGER,CALIFORNIAN ALMOND PREMIUM KG FLYBERRY,0.2883116883116883,1.2,0.21974508315799038,77,3.1621621621621623,0.7621788920344712
0007-ANJANEYA NAGER,CALIFORNIAN ALMOND REGULAR KG  FLYBERRY,0.25306666666666666,1.12,0.20482011444015769,75,3.425711275026344,0.8093524016339213
0007-ANJANEYA NAGER,CAPSICUM,10.326448087431695,20.7,3.7128285115739197,183,1.0045614740652151,0.35954555527110993
0007-ANJANEYA NAGER,CAPSICUM RED SAMBERRY,0.9762569832402235,3.18,0.5426029244195066,179,2.2573390557939916,0.5557992759433
0007-ANJANEYA NAGER,CAPSICUM YELLOW SAMBERRY,1.1046927374301676,3.64,0.6441607121183706,179,2.2950338828765044,0.5831130144087606
0007-ANJANEYA NAGER,CARROT,35.93890710382514,62.93,9.088475791110882,183,0.751027092120508,0.25288681608639
0007-ANJANEYA NAGER,CARROT JUICE,1.6111111111111112,10.0,1.535815795833002,36,5.206896551724138,0.9532649767239323
0007-ANJANEYA NAGER,CARROT N BEETROOT JUICE,1.5,4.0,0.7453559924999298,28,1.6666666666666667,0.4969039949999532
0007-ANJANEYA NAGER,CARRY BAG 8Kg HOLDING CAPACITY,18.306010928961747,38.0,5.912764822486494,183,1.0758208955223882,0.3229958097059787
0007-ANJANEYA NAGER,CARRY BAG MEDIUM 5Kg HOLDING CAPACITY,48.90163934426229,76.0,9.805871057070556,183,0.5541401273885351,0.2005223380761998
0007-ANJANEYA NAGER,CASHEW 320 KG FLYBERRY,0.2828301886792453,1.5,0.24813496602792265,106,4.303535690460307,0.8773284322534957
0007-ANJANEYA NAGER,CASHEW BROKEN 2 PIECE  KGSFLYBERRY,0.26055555555555554,2.11,0.26729759164062605,90,7.098081023454158,1.0258756182369444
0007-ANJANEYA NAGER,CASHEW TIKKA FLAVOUR FLYBERRY,0.19583333333333333,0.65,0.15079550959589516,36,2.319148936170213,0.7700196234684008
0007-ANJANEYA NAGER,CAULIFLOWER,20.060109289617486,43.0,6.952878602932101,183,1.1435576137292291,0.3466022294569802
0007-ANJANEYA NAGER,CHAKKI ATTA GODHUMA PINDI 1Kg,1.3333333333333333,2.0,0.5163977794943222,6,0.5000000000000001,0.38729833462074165
0007-ANJANEYA NAGER,CHAMA DUMPA,4.69792349726776,13.26,2.256598153168704,183,1.8225236123389008,0.480339484983335
0007-ANJANEYA NAGER,CHANA DAL 1Kg,1.1428571428571428,2.0,0.35634832254989923,28,0.7500000000000001,0.31180478223116187
0007-ANJANEYA NAGER,CHANA DAL 250g VELLANKI FOODS,1.2121212121212122,3.0,0.4846116845975598,33,1.4749999999999999,0.39980463979298686
0007-ANJANEYA NAGER,CHANA DAL 500g,1.3855421686746987,3.0,0.6407184477582007,83,1.165217391304348,0.4624315753385275
0007-ANJANEYA NAGER,CHAT MURMURA 500 GM,1.3454545454545455,3.0,0.5843065474681431,55,1.2297297297297298,0.4342818933884848
0007-ANJANEYA NAGER,CHEESE BLOCK 200G HERITAGE,1.1851851851851851,3.0,0.48334070138798946,27,1.5312500000000002,0.40781871679611614
0007-ANJANEYA NAGER,CHEESE BLOCK 200G MILKY MIST,1.1,2.0,0.31622776601683794,10,0.818181818181818,0.28747978728803447
0007-ANJANEYA NAGER,CHEESE SLICE 100G MILKY MIST,1.3095238095238095,4.0,0.6007262768243458,84,2.0545454545454547,0.4587364295749549
0007-ANJANEYA NAGER,CHEESE SLICES 100g AMUL 5PC PACK,1.530612244897959,4.0,0.7388628880563285,49,1.6133333333333333,0.48272375353013464
0007-ANJANEYA NAGER,CHEESE SLICES 100g HERITAGE,1.5,4.0,0.7801894976054939,24,1.6666666666666667,0.520126331736996
0007-ANJANEYA NAGER,CHEESE SLICES 200g AMUL 10PC PACK,1.3846153846153846,5.0,0.7708881090154509,52,2.611111111111111,0.5567525231778256
0007-ANJANEYA NAGER,CHEESE SLICES 200g HERITAGE,1.125,2.0,0.3535533905932738,8,0.7777777777777778,0.3142696805273545
0007-ANJANEYA NAGER,CHEESE SLICES 200g MILKYMIST,1.2954545454545454,4.0,0.5937482613749998,44,2.0877192982456143,0.458331991236842
0007-ANJANEYA NAGER,CHEGODI 250g VELLANKI FOODS,2.2857142857142856,8.0,1.2245542644537928,154,2.5,0.5357424906985344
0007-ANJANEYA NAGER,CHEKKARAKELI BANANA,4.716703296703297,12.0,1.9464868792646128,182,1.5441498532221234,0.4126795256816545
0007-ANJANEYA NAGER,CHERRY LOCAL ANAND,6.340425531914893,13.0,2.776270533621623,47,1.0503355704697988,0.4378681714101218
0007-ANJANEYA NAGER,CHERRY TOMATO KG RED SAMBERRY,0.33979166666666666,0.79,0.15947373002277174,48,1.3249540159411406,0.46932796082728656
0007-ANJANEYA NAGER,CHERUKU GADDALU,30.0,43.0,18.384776310850235,2,0.43333333333333335,0.6128258770283411
0007-ANJANEYA NAGER,CHERUKU RASALU KG LOOSE,6.598428571428571,20.88,4.094397952846462,70,2.1643897897767865,0.6205110669190768
0007-ANJANEYA NAGER,CHIA SEEDS KGS FLYBERRY,0.15513888888888888,0.52,0.10049165133223974,72,2.3518352730528203,0.6477528107360127
0007-ANJANEYA NAGER,CHICOOS SAPOTA JUICE,1.40625,3.0,0.7120789644505047,32,1.1333333333333333,0.5063672636092478
0007-ANJANEYA NAGER,CHICOOS(Sapota),1.7732758620689655,5.63,1.0962844045750946,174,2.174914924647545,0.6182255271303402
0007-ANJANEYA NAGER,CHIKKUDU SEED PACK,0.14634615384615385,0.55,0.08307872114137091,52,2.7582128777923787,0.567686399389131
0007-ANJANEYA NAGER,CHIKKUDUKAI,6.807682119205298,14.12,3.2725416103712837,151,1.0741273979532278,0.4807130463890267
0007-ANJANEYA NAGER,CHINNA RASALU KG LOOSE,16.466851851851853,35.51,9.653577853514438,54,1.1564534811799234,0.5862430742904147
0007-ANJANEYA NAGER,CHINTA CHIGURU,1.1086792452830188,3.42,0.7265911921586282,53,2.0847515316541867,0.6553664599116287
0007-ANJANEYA NAGER,CHOCOLATE 150G HBD PACK AMUL,1.0714285714285714,2.0,0.2672612419124244,14,0.8666666666666667,0.24944382578492943
0007-ANJANEYA NAGER,CHOCOLATE MILK SHAKE 180ML HERITAGE,2.9404761904761907,10.0,1.941004524902334,84,2.40080971659919,0.6600987048250851
0007-ANJANEYA NAGER,CHOUSA MANGO KG LOOSE,3.3864705882352943,10.35,2.8417181008512933,17,2.05627931214174,0.8391385741614033
0007-ANJANEYA NAGER,CHOWCHOW,1.525625,3.7,0.9195286383069678,16,1.4252355591970507,0.6027225814384058
0007-ANJANEYA NAGER,CINNAMON DALCHINI KG FLYBERRY,0.098,0.23,0.05902918298980975,10,1.346938775510204,0.6023386019368341
0007-ANJANEYA NAGER,CLOVES 50g,1.2545454545454546,3.0,0.5170493857844406,55,1.3913043478260867,0.4121408147557135
0007-ANJANEYA NAGER,CLUSTER BEANS,5.896010928961749,17.46,2.697425296583601,183,1.9613242258820913,0.45750005030241714
0007-ANJANEYA NAGER,COCONUT,20.19672131147541,85.0,11.493648038594742,183,3.2086038961038956,0.5690848460667851
0007-ANJANEYA NAGER,COCONUT KARAM 100G  VELLANKI FOODS,1.0909090909090908,2.0,0.30151134457776363,11,0.8333333333333335,0.27638539919628335
0007-ANJANEYA NAGER,COCONUT MANGO,5.083114754098361,13.0,2.4357049225933247,61,1.5574870190602121,0.4791756709071913
0007-ANJANEYA NAGER,COCONUT SLICE KGS FLYBERRY,0.1272727272727273,0.27,0.06357529537342459,11,1.1214285714285712,0.4995201779340503
0007-ANJANEYA NAGER,COKE 250ML,2.4285714285714284,4.0,1.1338934190276817,7,0.6470588235294119,0.46689729018786896
0007-ANJANEYA NAGER,COLOUR CUCUMBER,14.367486338797814,29.79,4.634085281265669,183,1.0734315869544546,0.32253973812745745
0007-ANJANEYA NAGER,CONTINENTAL XTRA 50g JAR PLUS 25g JAR FREE SOUTH BLEND,1.25,3.0,0.7071067811865476,8,1.4,0.565685424949238
0007-ANJANEYA NAGER,CONTINENTAL XTRA INSTANT SOUTH BLEND COFFEE 150g POUCH,1.2,2.0,0.4216370213557839,10,0.6666666666666667,0.35136418446315326
0007-ANJANEYA NAGER,COOKING BUTTER 100G MILKY MIST,1.4642857142857142,4.0,0.8304278352815432,56,1.7317073170731707,0.5671214484849564
0007-ANJANEYA NAGER,COOKING BUTTER 100g AMUL UNSALTED,1.6,4.0,0.9128709291752768,25,1.4999999999999998,0.5705443307345479
0007-ANJANEYA NAGER,COOKING BUTTER 200G HERITAGE,1.1666666666666667,2.0,0.38069349381344053,24,0.7142857142857142,0.326308708982949
0007-ANJANEYA NAGER,COOKING BUTTER UNSALTED 200g MILKY MIST,1.0952380952380953,2.0,0.3007926037591192,21,0.8260869565217389,0.27463672517136967
0007-ANJANEYA NAGER,COOKING UNSALTED BUTTER 500g MILKY MIST,1.0666666666666667,2.0,0.2581988897471611,15,0.875,0.24206145913796354
0007-ANJANEYA NAGER,COPRA POWDER 100G EVR,1.2424242424242424,3.0,0.6139168831315355,33,1.4146341463414633,0.49412822300830905
0007-ANJANEYA NAGER,CORIANDER,10.894863387978143,24.07,3.715145843043146,183,1.2092980097905464,0.3409997639018215
0007-ANJANEYA NAGER,CORIANDER 200g,1.4305555555555556,4.0,0.6884640772055605,72,1.796116504854369,0.48125644231845005
0007-ANJANEYA NAGER,CORN FLAKES 200G EVR,1.1111111111111112,2.0,0.3333333333333333,9,0.7999999999999999,0.3
0007-ANJANEYA NAGER,CORN FLAKES MIXTURE250g VELLANKI FOODS,1.688,5.0,0.874513689743269,125,1.9620853080568723,0.5180768304166286
0007-ANJANEYA NAGER,CORN FLOUR 200g EVR,1.125,2.0,0.3535533905932738,8,0.7777777777777778,0.3142696805273545
0007-ANJANEYA NAGER,COW GHEE 200ml JAR AMUL HIGH AROMA,1.1935483870967742,3.0,0.4774484152736417,31,1.5135135135135134,0.40002434793197006
0007-ANJANEYA NAGER,COW GHEE 250G VELLANKI FOODS,1.608695652173913,5.0,1.0215078369104982,46,2.108108108108108,0.6349913580794988
0007-ANJANEYA NAGER,COW GHEE 350g SIDS FARM,1.1891891891891893,2.0,0.39706127695565796,37,0.6818181818181818,0.3338924374399851
0007-ANJANEYA NAGER,COW MILK 500ML POUCH SIDS FARM,10.98360655737705,32.0,4.974081625805567,183,1.9134328358208954,0.45286414802110386
0007-ANJANEYA NAGER,CRUNCHY BANANA CHIPS 100g FLYBERRY,1.125,2.0,0.3535533905932738,8,0.7777777777777778,0.3142696805273545
0007-ANJANEYA NAGER,CRUNCHY BANANA CHIPS 65g FLYBERRY,1.3333333333333333,2.0,0.5773502691896257,3,0.5000000000000001,0.4330127018922193
0007-ANJANEYA NAGER,CUCUMBER,30.318907103825136,47.51,8.151479465737117,183,0.5670089900439048,0.26885795842913807
0007-ANJANEYA NAGER,CUMIN JEERA KG FLYBERRY,0.18666666666666668,0.26,0.11846237095944574,3,0.39285714285714285,0.6346198444256022
0007-ANJANEYA NAGER,CURD 135g POUCH MILKY MIST,11.165605095541402,33.0,5.761106479548161,157,1.955504848830576,0.5159690343919345
0007-ANJANEYA NAGER,CURD 500g POUCH HERITAGE,17.214285714285715,34.0,6.146751761848182,182,0.9751037344398339,0.357072716455911
0007-ANJANEYA NAGER,CURD CUP 200G HERITAGE,2.046875,7.0,1.3272396018164623,128,2.4198473282442747,0.648422400887432
0007-ANJANEYA NAGER,CURD CUP 400GHERITAGE,2.591715976331361,8.0,1.540772074486375,169,2.08675799086758,0.5944988141283045
0007-ANJANEYA NAGER,CURD POUCH 400g MILKY MIST,5.432748538011696,24.0,3.925764525157251,171,3.4176533907427347,0.7226111235757696
0007-ANJANEYA NAGER,CURD TUB 1KG HERITAGE,5.050279329608938,14.0,2.5796823753112874,179,1.77212389380531,0.5107999393592041
0007-ANJANEYA NAGER,CURRY LEAVES,3.4701092896174863,6.96,1.0617904167438377,183,1.0057005180857597,0.3059818374944842
0007-ANJANEYA NAGER,CUSTARD APPLE ANAND,8.435930232558139,22.57,4.65605649296306,86,1.675460723097493,0.5519316026338381
0007-ANJANEYA NAGER,DABBAKAI,1.6551724137931034,4.0,0.8974512350049011,29,1.4166666666666667,0.5422101211487944
0007-ANJANEYA NAGER,DALCHINI 50g,1.4390243902439024,5.0,0.8179704026703444,82,2.4745762711864407,0.5684201103302393
0007-ANJANEYA NAGER,DALMOTI 250g VELLANKI FOODS,1.4838709677419355,5.0,0.7747777132241452,93,2.369565217391304,0.5221328067380109
0007-ANJANEYA NAGER,DAMPUDU BIYYAM 1Kg AISHWARYA,1.2,2.0,0.4472135954999579,5,0.6666666666666667,0.37267799624996495
0007-ANJANEYA NAGER,DARK CHOCOLATE 150g AMUL,1.4285714285714286,3.0,0.7867957924694432,7,1.0999999999999999,0.5507570547286103
0007-ANJANEYA NAGER,DARK CHOCOLATE 150g BEST WISHES AMUL,1.1875,3.0,0.5439056290693572,16,1.5263157894736843,0.4580257929005114
0007-ANJANEYA NAGER,DASHERI MANGO KG LOOSE,8.1264,16.57,3.574449034325416,100,1.039033274266588,0.4398563981991307
0007-ANJANEYA NAGER,DATE BITES 160g FLYBERRY,2.532258064516129,12.0,2.2229631821872635,62,3.7388535031847137,0.8778580719465626
0007-ANJANEYA NAGER,DATES POWDER 180g FLYBERRY,0.8,1.0,0.4472135954999579,5,0.24999999999999994,0.5590169943749473
0007-ANJANEYA NAGER,DEHYDRATED KIWI KG FLYBERRY,0.1366666666666667,0.31,0.0800378698246062,12,1.2682926829268288,0.5856429499361429
0007-ANJANEYA NAGER,DEHYDRATED MANGO KG FLYBERRY,0.13380952380952382,0.34,0.07742584778200305,21,1.5409252669039146,0.5786273321786705
0007-ANJANEYA NAGER,DEHYDRATED PINEAPPLE KG FLYBERRY,0.1325,0.34,0.06877169079312691,12,1.5660377358490567,0.5190316286273728
0007-ANJANEYA NAGER,DERI DATES KG FLYBERRY,0.2766666666666666,1.01,0.28084693339967237,9,2.6506024096385548,1.0151093978301413
0007-ANJANEYA NAGER,DIAMOND MISRI 200G,1.2407407407407407,3.0,0.4732538983158396,54,1.4179104477611941,0.38142851506052744
0007-ANJANEYA NAGER,DILKUSH GRAPES KG LOOSE,2.214242424242424,6.06,1.3414527837742074,66,1.7368276994662655,0.605829230389337
0007-ANJANEYA NAGER,DISCO PUMPKIN,1.5891379310344829,16.6,1.873740072440803,116,9.445915156775524,1.179092157985967
0007-ANJANEYA NAGER,DONDAKAI,21.52737704918033,43.4,6.397252303791955,183,1.0160375275097662,0.297168219294767
0007-ANJANEYA NAGER,DOODH PEDA 200g HERITAGE,1.7611940298507462,7.0,0.9512880423473016,134,2.9745762711864407,0.5401381257395695
0007-ANJANEYA NAGER,DOSA BATTER MIX 900g DSL,3.182926829268293,11.0,1.7972579576656045,164,2.4559386973180075,0.5646557568144811
0007-ANJANEYA NAGER,DOSE WITH IMMUNITY BOOSTERS - 6 EGGS PACK ABHI EGGS,1.2307692307692308,3.0,0.5361430711223923,39,1.4374999999999998,0.43561624528694376
0007-ANJANEYA NAGER,DOUBLE HORSE URAD ROUND 1KG,1.6883116883116882,6.0,1.0669649560138261,77,2.553846153846154,0.6319715508697278
0007-ANJANEYA NAGER,DR GOOD EGGS CAROTENOID 12 PACK,1.9154929577464788,6.0,1.126678151016706,142,2.1323529411764706,0.5881922700160745
0007-ANJANEYA NAGER,DR GOOD EGGS CAROTENOID 30 PACK,1.2650602409638554,3.0,0.5428995628577727,83,1.3714285714285714,0.42914917825900134
0007-ANJANEYA NAGER,DRAGAN FRUIT JUICE,1.5,2.0,0.7071067811865476,2,0.3333333333333333,0.47140452079103173
0007-ANJANEYA NAGER,DRAGON Â FRUIT,4.1143715846994535,13.25,2.335737997514766,183,2.220418896843,0.5677022479449645
0007-ANJANEYA NAGER,DRIED BLUEBERRY KG FLYBERRY,0.1360377358490566,0.32,0.06371027035432505,53,1.3522884882108186,0.46832792354774316
0007-ANJANEYA NAGER,DRIED CRANBERRY WHOLE KG FLYBERRY,0.17859375,0.5,0.11272761365766767,64,1.799650043744532,0.631195737015812
0007-ANJANEYA NAGER,DRUMSTICK,71.89617486338798,140.0,21.132370269329083,183,0.947252413164095,0.29392899287734453
0007-ANJANEYA NAGER,DRY CHURRA KG FLYBERRY,0.19608695652173913,0.68,0.1279822122027753,23,2.4678492239467853,0.6526809048035105
0007-ANJANEYA NAGER,DRY COCONUT 250G EVR,1.2444444444444445,3.0,0.5703091488416833,45,1.4107142857142856,0.4582841374620669
0007-ANJANEYA NAGER,DRY COCONUT KG FLYBERRY,0.24375000000000002,0.46,0.14312207576551064,8,0.8871794871794871,0.5871674903200436
0007-ANJANEYA NAGER,EGGS 12PS FARM MADE FREE RANGE U N V,1.4555555555555555,5.0,0.8501303417726584,90,2.435114503816794,0.5840590134315974
0007-ANJANEYA NAGER,EGGS 6PC FARM MADE FREE RANGE U N V,1.826086956521739,6.0,0.9666443091656882,115,2.2857142857142856,0.5293528359716865
0007-ANJANEYA NAGER,EGGS 6PC JUST LAID VN POULTRY,5.982035928143713,18.0,3.706836819111501,167,2.009009009009009,0.6196614102018224
0007-ANJANEYA NAGER,EGGS 6PC UPF HEALTHY WHITE U N V,1.1904761904761905,2.0,0.4023739080814783,21,0.68,0.3379940827884418
0007-ANJANEYA NAGER,ELEPHANT FOREST HONEY 250G 1+1,1.4,2.0,0.5477225575051661,5,0.42857142857142866,0.3912303982179758
0007-ANJANEYA NAGER,ELEPHANT SEEDED DATES 400G(CUPS) (1+1 OFFER),1.3333333333333333,2.0,0.5163977794943223,6,0.5000000000000001,0.38729833462074176
0007-ANJANEYA NAGER,ELEPHANT YAM,2.516024844720497,10.5,1.7008873711621477,161,3.1732497284487016,0.6760216914118341
0007-ANJANEYA NAGER,ENG ITEM BROCOLI SAMBERRY,2.523497267759563,5.55,1.1464938471165083,183,1.1993287137288868,0.454327358212042
0007-ANJANEYA NAGER,ENG ITEM CELERY SAMBERRRY,0.18419354838709678,2.1,0.35680783057128834,31,10.40105078809107,1.9371353323485005
0007-ANJANEYA NAGER,ENG ITEM CHINESE CABBAGE SAMBERRY,0.6140476190476191,1.2,0.1983229630605584,42,0.9542458317177199,0.32297651991250304
0007-ANJANEYA NAGER,ENG ITEM COLOUR CABBAGE SAMBERRY,0.7211458333333334,2.58,0.4514581516810813,96,2.577639751552795,0.6260289262080572
0007-ANJANEYA NAGER,ENG ITEM GREEN LETTUCE SAMBERRY,0.3370414201183432,1.26,0.20107924151786483,169,2.738412921348315,0.5966009799248447
0007-ANJANEYA NAGER,ENG ITEM PARSLEY SAMBERRY,0.05722222222222222,0.11,0.021089600324094945,18,0.9223300970873787,0.3685561221686495
0007-ANJANEYA NAGER,EUROPEN CUCUMBER,13.57120218579235,32.87,4.931399248368396,183,1.4220404021694923,0.3633723218368276
0007-ANJANEYA NAGER,FIGS AFGHANI NORMAL KG FLYBERRY,0.2877272727272727,1.37,0.2126068481759867,88,3.7614533965244874,0.7389179557459254
0007-ANJANEYA NAGER,FILTER COFFEE 150ML NEW BOLD ID FRESH,2.0,3.0,1.4142135623730951,2,0.5,0.7071067811865476
0007-ANJANEYA NAGER,FINGER CHIPS PAPAD 200G EVR,1.4285714285714286,2.0,0.5345224838248488,7,0.39999999999999997,0.37416573867739417
0007-ANJANEYA NAGER,FLAX SEEDS KGS FLYBERRY,0.19035714285714286,0.64,0.122726070220179,56,2.3621013133208253,0.6447148154155745
0007-ANJANEYA NAGER,FLY BERRY DERI DATES 255g,3.6495726495726495,24.0,3.469860971368279,117,5.576112412177986,0.9507581584311209
0007-ANJANEYA NAGER,FLYBERRY CASHEW 4 PIECE,0.12916666666666668,0.41,0.09671498270065439,12,2.174193548387096,0.7487611563921629
0007-ANJANEYA NAGER,FLYBERRY CRISPY SWEET CORN 12g,1.5,2.0,0.7071067811865476,2,0.3333333333333333,0.47140452079103173
0007-ANJANEYA NAGER,FLYBERRY DREAMY DERI DATES 220g,1.2962962962962963,4.0,0.6333388502463011,54,2.085714285714286,0.488575684475718
0007-ANJANEYA NAGER,FLYBERRY DREAMY DERI DATES 400G,1.3,3.0,0.5304299503265156,60,1.3076923076923077,0.40802303871270434
0007-ANJANEYA NAGER,FLYBERRY KNOCKOUT KALMI DATES 400g,1.375,2.0,0.5175491695067657,8,0.45454545454545453,0.3763993960049205
0007-ANJANEYA NAGER,FLYBERRY MEDJOUL MAJESTIC DATES 400g BOX,1.088235294117647,2.0,0.2879022412812366,34,0.8378378378378379,0.2645588163124877
0007-ANJANEYA NAGER,FLYBERRY MINI MEDJOUL DATES 200g BOX,1.0434782608695652,2.0,0.20851441405707474,23,0.9166666666666667,0.1998263134713633
0007-ANJANEYA NAGER,FLYBERRY SPICE OKRA CHIPS 25g,1.565217391304348,3.0,0.66237087637185,23,0.9166666666666666,0.4231813932375708
0007-ANJANEYA NAGER,FLYBERRY STRAWBERRY DEHYDRATED REGULAR,0.12654545454545454,0.26,0.055551717039109307,55,1.0545977011494254,0.43898626970560517
0007-ANJANEYA NAGER,FOXTAIL MILLET KORRALU BIYYAM 500g,1.2857142857142858,2.0,0.4879500364742666,7,0.5555555555555555,0.37951669503554064
0007-ANJANEYA NAGER,FREEDOM GROUNDNUTOIL 1LT,1.5072463768115942,4.0,0.6778683805481515,69,1.6538461538461537,0.4497395986329082
0007-ANJANEYA NAGER,FREEDOM RF SUNFLOWER OIL 1LT POUCH,2.738255033557047,9.0,1.7606662327559586,149,2.286764705882353,0.6429884036290143
0007-ANJANEYA NAGER,FREEDOM RICE BRAN 1LTR,1.7294117647058824,7.0,1.127452198269955,85,3.0476190476190474,0.6519281418567767
0007-ANJANEYA NAGER,FREEDOM SUNFLOWER OIL 5LT,1.0434782608695652,2.0,0.20851441405707474,23,0.9166666666666667,0.1998263134713633
0007-ANJANEYA NAGER,FREEDOM SUNFLOWER OIL PET 1LT,1.411764705882353,5.0,0.8043996665398436,51,2.541666666666666,0.5697830971323892
0007-ANJANEYA NAGER,FREEDOM SUNFLOWER OIL PET 2LT,1.1851851851851851,3.0,0.48334070138798946,27,1.5312500000000002,0.40781871679611614
0007-ANJANEYA NAGER,FRESH CREAM 250ML AMUL,1.3235294117647058,5.0,0.8060599359358184,34,2.777777777777778,0.6090230627070627
0007-ANJANEYA NAGER,FRESH CREAM 250ml UHT MILKY MIST,1.148936170212766,3.0,0.46525932012977733,47,1.611111111111111,0.404947926779621
0007-ANJANEYA NAGER,FRESH DATES YELLOW BOX ANAND,1.1666666666666667,2.0,0.408248290463863,6,0.7142857142857142,0.34992710611188255
0007-ANJANEYA NAGER,FRESH LOOSE PANEER,1.7929411764705883,5.41,0.9045235740032437,170,2.0173884514435696,0.5044914946868485
0007-ANJANEYA NAGER,FRESH PANEER BLOCK 200g AMUL,1.7142857142857142,5.0,1.2043875831929896,14,1.9166666666666667,0.7025594235292439
0007-ANJANEYA NAGER,FRIED GRAM PUTANA 250g,1.74,6.0,1.1247446399296623,100,2.4482758620689653,0.6464049654768175
0007-ANJANEYA NAGER,FRUIT BASKET 170 SADGURU,1.25,2.0,0.5,4,0.6,0.4
0007-ANJANEYA NAGER,FRUIT BASKET 200,1.5,2.0,0.7071067811865476,2,0.3333333333333333,0.47140452079103173
0007-ANJANEYA NAGER,FRUIT BASKET 250 RAJU,1.6666666666666667,2.0,0.5773502691896258,3,0.19999999999999996,0.3464101615137755
0007-ANJANEYA NAGER,FRUIT BASKET 350 RAJU,3.0,7.0,3.4641016151377544,3,1.3333333333333333,1.1547005383792515
0007-ANJANEYA NAGER,FRUIT BOWL NRG,2.0,8.0,1.9215378456610455,14,3.0,0.9607689228305227
0007-ANJANEYA NAGER,FRUIT BREAD 200g SML SPENCERS AKSHAYA NANDA,1.375,4.0,0.7329625110148481,48,1.9090909090909092,0.533063644374435
0007-ANJANEYA NAGER,FRUIT N NUT 150g DARK CHOCOLATE AMUL,1.2,2.0,0.40824829046386313,25,0.6666666666666667,0.34020690871988596
0007-ANJANEYA NAGER,FRUIT YOGHURT BB 100g MILKYMIST,2.267605633802817,6.0,1.3088462365094498,71,1.6459627329192545,0.5771930608209375
0007-ANJANEYA NAGER,FRUIT YOGURT 75g ALPHONSO MANGO EPIGAMIA,1.5147058823529411,5.0,0.9382843514329681,68,2.300970873786408,0.6194498630819595
0007-ANJANEYA NAGER,FRUIT YOGURT 75g STRAWBERRY EPIGAMIA,1.6125,4.0,0.771218828227539,80,1.4806201550387597,0.478275242311652
0007-ANJANEYA NAGER,FULL CREAM MILK 500ml HERITAGE,27.961748633879782,45.0,3.708271301611846,183,0.6093414109829978,0.1326194348631948
0007-ANJANEYA NAGER,FlyberryBrazilNut,0.16620689655172416,0.47,0.10634894697253698,29,1.8278008298755182,0.6398588095858033
0007-ANJANEYA NAGER,FlyberryCashew180,0.275,0.58,0.21687169786150823,4,1.1090909090909087,0.7886243558600299
0007-ANJANEYA NAGER,FlyberryMacadamia,0.11166666666666668,0.2,0.05154286242213045,6,0.7910447761194029,0.46157787243698906
0007-ANJANEYA NAGER,FlyberryMelonSeeds,0.17264150943396228,0.57,0.10190778152888684,53,2.3016393442622944,0.5902855104951915
0007-ANJANEYA NAGER,FlyberryPrunes,0.10142857142857142,0.14,0.02794552524023088,7,0.3802816901408453,0.27551926293185375
0007-ANJANEYA NAGER,G ELAICHI 50g,1.3956043956043955,5.0,0.8010981473940889,91,2.582677165354331,0.574015207975292
0007-ANJANEYA NAGER,GAJANAN ORANGE PRM HMT RAW RICE 1Kg,1.2142857142857142,3.0,0.49867549436206365,28,1.4705882352941178,0.41067393653346423
0007-ANJANEYA NAGER,GAJANAN ORANGE PRM HMT RICE 1Kg,1.2142857142857142,2.0,0.42581531362632,14,0.6470588235294119,0.3506714347510871
0007-ANJANEYA NAGER,GAJANAN ORANGE PRM HMT RICE 5Kg,1.2352941176470589,4.0,0.7524469885568252,17,2.238095238095238,0.6091237526412394
0007-ANJANEYA NAGER,GAJANAN TELANGANA SONA RICE 1Kg,1.3666666666666667,4.0,0.7648904962570575,30,1.9268292682926829,0.5596759728710177
0007-ANJANEYA NAGER,GAJANAN TELANGANA SONA RICE 5Kg,1.2380952380952381,2.0,0.43643578047198467,21,0.6153846153846153,0.3525058226889107
0007-ANJANEYA NAGER,GARAM MASALA 100g VELLANKI FOODS,1.1111111111111112,2.0,0.33333333333333337,9,0.7999999999999999,0.30000000000000004
0007-ANJANEYA NAGER,GARLIC,6.128688524590164,13.49,2.1804857373534134,183,1.2011234452320452,0.3557834157511254
0007-ANJANEYA NAGER,GARLIC PEELED BOX,2.748344370860927,9.0,1.6420253471302144,151,2.274698795180723,0.5974598251003913
0007-ANJANEYA NAGER,GARLIC PICKLE 250g AHA,1.3333333333333333,2.0,0.5773502691896257,3,0.5000000000000001,0.4330127018922193
0007-ANJANEYA NAGER,GAVVALU SWEET 250G VELLANKI FOODS,2.3806451612903228,8.0,1.38765881385213,155,2.360433604336043,0.582891913677724
0007-ANJANEYA NAGER,GEMS KG FLYBERRY,0.09275862068965517,0.27,0.04840592625195535,58,1.9107806691449816,0.5218482755787008
0007-ANJANEYA NAGER,GHEE 200ML PET JAR MILKY MIST,1.125,2.0,0.3535533905932738,8,0.7777777777777778,0.3142696805273545
0007-ANJANEYA NAGER,GHEE ARISELU 250g VELLANKI FOODS,1.798165137614679,5.0,0.9406441499958996,109,1.780612244897959,0.5231133283140462
0007-ANJANEYA NAGER,GINGER,8.765628415300545,18.95,3.206176647711569,183,1.1618529901315997,0.3657668903823411
0007-ANJANEYA NAGER,GINGER GARLIC PASTE 250G VELLANKI FOODS,1.1428571428571428,2.0,0.35273781075132926,63,0.7500000000000001,0.30864558440741313
0007-ANJANEYA NAGER,GINGER PICKLE 250G VELLANKI FOODS,1.5135135135135136,3.0,0.6507099380088055,37,0.982142857142857,0.42993335189867504
0007-ANJANEYA NAGER,GINGER PICKLE 250g AHA,1.1428571428571428,2.0,0.36313651960128146,14,0.7500000000000001,0.3177444546511213
0007-ANJANEYA NAGER,GOLD DROP SUNFLOWER OIL 1Lt pouch,1.9148936170212767,10.0,1.5426521950888938,94,4.222222222222222,0.8056072574353111
0007-ANJANEYA NAGER,GOLDEN COW GHEE 500 ML HERITAGE,1.2325581395348837,3.0,0.4799409339811952,43,1.4339622641509435,0.38938604077719613
0007-ANJANEYA NAGER,GOLDEN KIWI FRUIT BIG,1.6666666666666667,3.0,1.1547005383792517,3,0.7999999999999999,0.692820323027551
0007-ANJANEYA NAGER,GOLDEN KIWI SMALL,12.136690647482014,41.0,7.782553359592974,139,2.3781861292234736,0.6412418002272812
0007-ANJANEYA NAGER,GONGURA PICKLE 250g  AHA,1.0666666666666667,2.0,0.2581988897471611,15,0.875,0.24206145913796354
0007-ANJANEYA NAGER,GONGURA PICKLE 250g VELLANKI FOODS,1.263157894736842,4.0,0.7334928056269077,19,2.166666666666667,0.5806818044546352
0007-ANJANEYA NAGER,GONGURA(PUNTIKURA),3.4438797814207653,8.06,1.6153860923093049,183,1.3403836694540088,0.4690599541319879
0007-ANJANEYA NAGER,GRAPE JUICE,1.4,2.0,0.5477225575051661,5,0.42857142857142866,0.3912303982179758
0007-ANJANEYA NAGER,GREEK CEREALS YOGHURT 100g MILKY MIST,1.5833333333333333,4.0,0.8805466023105079,24,1.5263157894736845,0.5561346961961102
0007-ANJANEYA NAGER,GREEK HONEY AND FIG YOGHURT 100g MILKY MIST,1.6,3.0,0.8432740427115678,10,0.8749999999999999,0.5270462766947298
0007-ANJANEYA NAGER,GREEK YOGHURT 100g MILKY MIST,1.6046511627906976,4.0,0.8766694246848051,43,1.4927536231884058,0.5463302211803858
0007-ANJANEYA NAGER,GREEK YOGURT 85g  ALPHONSO MANGO  EPIGAMIA,1.975609756097561,7.0,1.323814258689104,82,2.54320987654321,0.670078822299423
0007-ANJANEYA NAGER,GREEK YOGURT ALPHONSO MANGO SMOOTHIE 180ml EPIGAMIA,1.403225806451613,5.0,0.7779687173818423,62,2.5632183908045976,0.554414488249129
0007-ANJANEYA NAGER,GREEK YOGURT BLUEBERRY 90g EPIGAMIA,1.82,5.0,1.0188129357147946,100,1.747252747252747,0.5597873273158211
0007-ANJANEYA NAGER,GREEK YOGURT BLUEBERRY SMOOTHIE 180ml EPIGAMIA,1.271186440677966,4.0,0.611118490530394,59,2.1466666666666665,0.48074654588390997
0007-ANJANEYA NAGER,GREEK YOGURT MIXED BERRY ZERO ADDED SUGAR 120g EPIGAMIA,1.32,2.0,0.47609522856952347,25,0.515151515151515,0.36067820346176016
0007-ANJANEYA NAGER,GREEK YOGURT NATURAL 90g EPIGAMIA,2.073170731707317,7.0,1.3588347205055182,82,2.376470588235294,0.6554379240085441
0007-ANJANEYA NAGER,GREEK YOGURT STRAWBERRY 85g EPIGAMIA,1.6951219512195121,6.0,1.0504440494351313,82,2.5395683453237408,0.6196864176523796
0007-ANJANEYA NAGER,GREEK YOGURT STRAWBERRY SMOOTHIE 180ml EPIGAMIA,1.4666666666666666,4.0,0.7261354744623949,45,1.7272727272727273,0.49509236895163294
0007-ANJANEYA NAGER,GREEK YOGURT STRAWBERRY ZERO ADD SUGAR 120g EPIGAMIA,1.1923076923076923,3.0,0.5670436151994497,26,1.5161290322580645,0.4755849675866352
0007-ANJANEYA NAGER,GREEK YOGURT VANILLA BEAN 90g EPIGAMIA,1.4259259259259258,3.0,0.6616688977566956,54,1.1038961038961042,0.4640275386865138
0007-ANJANEYA NAGER,GREEK YOGURT WILD RASBERRY 85g EPIGAMIA,1.5,3.0,0.7115680669648201,80,1.0,0.4743787113098801
0007-ANJANEYA NAGER,GREEN APPLE,1.1092700729927008,6.95,0.998119286632509,137,5.265381325261564,0.899798264582837
0007-ANJANEYA NAGER,GREEN CHILLY,11.292185792349725,24.97,3.5375001461445685,183,1.211263652508868,0.31326974344871017
0007-ANJANEYA NAGER,GREEN PEAS,5.58,14.69,3.0697416492440293,59,1.632616487455197,0.5501329120509013
0007-ANJANEYA NAGER,GREEN PEAS BATANI 500G EVR,1.0606060606060606,2.0,0.24230584229878002,33,0.8857142857142858,0.22845979416742118
0007-ANJANEYA NAGER,GREEN PEAS SEED PAC,0.4326923076923077,1.1,0.2853557489679855,52,1.5422222222222224,0.6594888420593442
0007-ANJANEYA NAGER,GROUND NUT,2.1297005988023954,6.53,1.2345749110619963,167,2.066158690884553,0.5796941183921537
0007-ANJANEYA NAGER,GROUND NUT OIL 1Lt. COLD PRESSED MESMARA,1.1428571428571428,2.0,0.35634832254989923,28,0.7500000000000001,0.31180478223116187
0007-ANJANEYA NAGER,GUAVA HYBRID BIG ANAND,11.46556338028169,24.2,4.809043272635639,142,1.1106681980947233,0.4194336652402238
0007-ANJANEYA NAGER,GUAVA Local,1.88125,3.44,1.304841944451511,8,0.8285714285714284,0.6936036914027964
0007-ANJANEYA NAGER,GULAB JAM MIX 200g MILKY MIST,1.0909090909090908,2.0,0.30151134457776363,11,0.8333333333333335,0.27638539919628335
0007-ANJANEYA NAGER,GULABI ROUND BRINJAL,5.164823529411764,11.99,2.528542210112149,170,1.3214733149586573,0.48956991380499915
0007-ANJANEYA NAGER,Ginger Imbued Honey 250g BT,1.3333333333333333,2.0,0.49236596391733095,12,0.5000000000000001,0.36927447293799825
0007-ANJANEYA NAGER,Green Kiwi Small,16.628415300546447,48.0,8.190295866208272,183,1.886625041077884,0.4925481904423641
0007-ANJANEYA NAGER,HEKATPY BUCK WHEAT COOKIES 125g,1.3333333333333333,2.0,0.5773502691896257,3,0.5000000000000001,0.4330127018922193
0007-ANJANEYA NAGER,HEKATPY QUINO COOKIES 125g,1.6666666666666667,3.0,1.1547005383792517,3,0.7999999999999999,0.692820323027551
0007-ANJANEYA NAGER,HEKTAPY HEALTHY DEL RAGI 125G,1.6666666666666667,2.0,0.5773502691896258,3,0.19999999999999996,0.3464101615137755
0007-ANJANEYA NAGER,HEKTAPY MULTI MILLET S.N,1.25,2.0,0.5,4,0.6,0.4
0007-ANJANEYA NAGER,HEKTAPY RAJGIRI COOKIES 125g,1.5,2.0,0.7071067811865476,2,0.3333333333333333,0.47140452079103173
0007-ANJANEYA NAGER,HIMALAYAN HONEY 500g APIS,1.75,3.0,0.9574271077563382,4,0.7142857142857143,0.5471012044321932
0007-ANJANEYA NAGER,HIMAYATH MANGO KG LOOSE,7.628395061728395,19.81,4.1492545887153405,81,1.5968765172357986,0.5439223526233089
0007-ANJANEYA NAGER,I.Orange Pack of 4,1.2105263157894737,3.0,0.5353033790313109,19,1.4782608695652175,0.44220713919977855
0007-ANJANEYA NAGER,ICE BERG ENGLISH ITEM SAMBERRY,0.5428225806451613,1.75,0.29814483435101913,124,2.2238894666468574,0.5492491377139559
0007-ANJANEYA NAGER,IDLI KARAM 100g VELLANKI FOODS,1.2222222222222223,2.0,0.4216370213557839,36,0.6363636363636362,0.34497574474564136
0007-ANJANEYA NAGER,IDLY . DOSA BATTER 1KG ID FRESH,3.735632183908046,11.0,2.0227593476190324,174,1.9446153846153846,0.5414771176703256
0007-ANJANEYA NAGER,IDLY BATTER 900g DSL,2.062015503875969,6.0,1.1302097287706172,129,1.9097744360902253,0.5481092293662015
0007-ANJANEYA NAGER,IDLY KARAM FLYBERRY,0.128,0.31,0.07083627444874398,10,1.421875,0.5534083941308123
0007-ANJANEYA NAGER,IDLY RAVA1KG,1.6057692307692308,5.0,0.8967933081210322,104,2.11377245508982,0.5584820601472296
0007-ANJANEYA NAGER,IDLY RAWA 500g,1.3571428571428572,4.0,0.8418973861410954,14,1.9473684210526314,0.6203454424197545
0007-ANJANEYA NAGER,IDLY RAWA ORANGE 1KG AISHWARYA,1.2,2.0,0.4472135954999579,5,0.6666666666666667,0.37267799624996495
0007-ANJANEYA NAGER,IDLY RICE  1Kg,1.5333333333333334,4.0,0.9154754164341269,15,1.608695652173913,0.5970491846309522
0007-ANJANEYA NAGER,IMLI POP KG FLYBERRY,0.1,0.21,0.044347115652166896,13,1.0999999999999999,0.44347115652166896
0007-ANJANEYA NAGER,IMP Orange Juices,1.4444444444444444,5.0,0.8765009801785554,36,2.4615384615384612,0.606808370892846
0007-ANJANEYA NAGER,IMPORTED ORANGE,2.9025,11.3,1.913653349710219,176,2.8931955211024984,0.6593120929234174
0007-ANJANEYA NAGER,IMPORTED PLUMS,1.2803867403314917,3.31,0.6313410459233971,181,1.5851564185544769,0.49308621062409874
0007-ANJANEYA NAGER,INDIAN RAISINS GREEN FLYBERRY,0.25166666666666665,0.89,0.1750941775573727,24,2.536423841059603,0.6957384538703552
0007-ANJANEYA NAGER,INDIAN RAISINSGOLDEN KGS FLYBERRY,0.23381818181818181,0.76,0.16632733132224886,55,2.250388802488336,0.7113532832600068
0007-ANJANEYA NAGER,INSIDE YELLOW MELON Kg,5.969411764705883,11.04,3.0618182314358475,17,0.8494284588096175,0.5129179142137308
0007-ANJANEYA NAGER,IODIZED SALT 1KG PON,1.3333333333333333,2.0,0.5773502691896257,3,0.5000000000000001,0.4330127018922193
0007-ANJANEYA NAGER,IRANIAN DATES 500g ORIGINAL AM ENTERPRISES,1.3333333333333333,3.0,0.7071067811865476,9,1.2500000000000002,0.5303300858899107
0007-ANJANEYA NAGER,JACK FRUIT SEEDS ANAND,4.142857142857143,11.0,1.8010267846402495,35,1.6551724137931032,0.4347306031890257
0007-ANJANEYA NAGER,JAGGERY KESAR 450G,1.7422680412371134,6.0,1.157208841309769,97,2.4437869822485205,0.6641967905742461
0007-ANJANEYA NAGER,JAGGERY KESAR 900G,1.671641791044776,8.0,1.2955408336136611,67,3.785714285714286,0.7750110343938866
0007-ANJANEYA NAGER,JAGGERY MINI CUBES 500G EVR,1.380952380952381,3.0,0.5895922723535711,21,1.1724137931034484,0.4269461282560343
0007-ANJANEYA NAGER,JAGGERY POWDER 500g JIVIKA ORGANICS,1.6888888888888889,6.0,1.2214414402332974,45,2.552631578947368,0.7232219054012945
0007-ANJANEYA NAGER,JANTHIKALU 250g VELLANKI FOODS,1.9724137931034482,5.0,1.0797686711244048,145,1.534965034965035,0.5474351654302052
0007-ANJANEYA NAGER,JAVATRI 50g,1.255813953488372,2.0,0.4414814484488266,43,0.5925925925925926,0.35155004228332487
0007-ANJANEYA NAGER,JEERA 100g,1.3333333333333333,2.0,0.47756693294091923,39,0.5000000000000001,0.35817519970568945
0007-ANJANEYA NAGER,JEERA 200g,1.6336633663366336,5.0,0.8333399339672581,101,2.060606060606061,0.510105050489049
0007-ANJANEYA NAGER,JEERA PAPAD 200G EVR,1.2222222222222223,3.0,0.6666666666666666,9,1.4545454545454544,0.5454545454545454
0007-ANJANEYA NAGER,JIVIKA COLD PRESSED SAFFLOWER OIL 1LTR,1.25,2.0,0.5,4,0.6,0.4
0007-ANJANEYA NAGER,JIVIKA CORIANDER POWDER 100GMS,1.1764705882352942,2.0,0.39295262399668784,17,0.7,0.3340097303971847
0007-ANJANEYA NAGER,JIVIKA FOREST HONEY250ml,1.1,2.0,0.31622776601683794,10,0.818181818181818,0.28747978728803447
0007-ANJANEYA NAGER,JIVIKA RED CHILLI POWDER 200GMS,1.1081081081081081,2.0,0.3148000938676784,37,0.8048780487804877,0.2840878895879049
0007-ANJANEYA NAGER,JIVIKA RED CHILLI POWDER 500GMS,1.6,2.0,0.5477225575051662,5,0.24999999999999994,0.3423265984407288
0007-ANJANEYA NAGER,JIVIKA TURMERIC POWDER 100GMS,1.393939393939394,4.0,0.7474704818333103,33,1.8695652173913042,0.5362288239238965
0007-ANJANEYA NAGER,JOWAR FLOUR 500g,1.5344827586206897,5.0,0.9590843081939333,58,2.258426966292135,0.6250212345533498
0007-ANJANEYA NAGER,JUJUBIES FLYBERRY,0.15535714285714286,0.65,0.09549423030033828,84,3.1839080459770117,0.6146755053814877
0007-ANJANEYA NAGER,KABULI CHANA 500g,1.4556962025316456,4.0,0.7645590040189314,79,1.7478260869565219,0.525218794065179
0007-ANJANEYA NAGER,KAJJIKAYALU 250g VELLANKI FOODS,1.4444444444444444,3.0,0.637958667096737,90,1.0769230769230769,0.4416636926054333
0007-ANJANEYA NAGER,KAJU PAKODI 250g VELLANKI FOODS,1.1724137931034482,3.0,0.4245919004310795,58,1.558823529411765,0.36215191507356786
0007-ANJANEYA NAGER,KALA JAMUN BOX PACK ANAND,7.023255813953488,19.0,3.8500626249636865,86,1.705298013245033,0.5481877247464851
0007-ANJANEYA NAGER,KANDI KARAM 100g  VELLANKI FOODS,1.0588235294117647,2.0,0.24253562503633297,17,0.8888888888888888,0.2290614236454256
0007-ANJANEYA NAGER,KARAM GAVVALU 250G VELLANKI FOODS,1.1142857142857143,2.0,0.32280285109067564,35,0.7948717948717948,0.28969486636342684
0007-ANJANEYA NAGER,KARAM SAKINALU 250g  VELLANKI FOODS,1.0740740740740742,2.0,0.2668802563418119,27,0.8620689655172412,0.24847472142168692
0007-ANJANEYA NAGER,KARAN PHOOL 50g,1.3968253968253967,3.0,0.5547356981738862,63,1.147727272727273,0.39714032937448673
0007-ANJANEYA NAGER,KARIVEPAKU KARAM 100g VELLANKI FOODS,1.1764705882352942,2.0,0.3929526239966879,17,0.7,0.3340097303971847
0007-ANJANEYA NAGER,KARPURAVALLI BANANA,5.682872928176795,19.65,2.4620336062303227,181,2.4577581178300605,0.43323749049940546
0007-ANJANEYA NAGER,KASOORI METHI PAPAD 200G EVR,1.6666666666666667,3.0,1.1547005383792517,3,0.7999999999999999,0.692820323027551
0007-ANJANEYA NAGER,KASURIMETHI 50G,1.303030303030303,4.0,0.6317179743110044,66,2.0697674418604652,0.4848068174944918
0007-ANJANEYA NAGER,KEERA JUICE,1.5,2.0,0.5222329678670935,12,0.3333333333333333,0.34815531191139565
0007-ANJANEYA NAGER,KESARI MANGO KG LOOSE,8.491351351351351,20.24,4.037618084052697,74,1.3836017569546117,0.4754977054871405
0007-ANJANEYA NAGER,KHUS KHUS 50G,1.278688524590164,5.0,0.6863222649500161,61,2.91025641025641,0.5367392072044997
0007-ANJANEYA NAGER,KIMIA DATES PLASTIC BOX 400G ORIGINAL,1.4615384615384615,4.0,0.7920882817930375,65,1.736842105263158,0.5419551401741836
0007-ANJANEYA NAGER,KIMJO KIMIA DATES 400g ELEPHANT,1.6923076923076923,8.0,1.3008872711759818,39,3.727272727272727,0.7687061147858074
0007-ANJANEYA NAGER,KINELY WATER 500ml,3.0113636363636362,31.0,3.7462450723505483,88,9.294339622641509,1.2440360994975406
0007-ANJANEYA NAGER,KINLEY SODA 750ML,2.1097560975609757,11.0,1.714182651294604,82,4.213872832369942,0.8125027595731649
0007-ANJANEYA NAGER,KINLEY WATER 1Lt,2.022727272727273,8.0,1.4704632455278177,44,2.9550561797752803,0.7269705932946514
0007-ANJANEYA NAGER,KIRAN MELON,72.74395604395605,250.37,54.15743670087337,182,2.4417979666752267,0.7444939709925641
0007-ANJANEYA NAGER,KISMIS GREEN 250g,1.5,2.0,0.5773502691896257,4,0.3333333333333333,0.38490017945975047
0007-ANJANEYA NAGER,KNOOL COOL,0.8862962962962962,2.3,0.6066816941878814,27,1.5950689511073965,0.6845134033879148
0007-ANJANEYA NAGER,KOBBARI VUNDALU 250g VELLANKI FOODS,1.3666666666666667,4.0,0.6079991129502695,90,1.9268292682926829,0.4448773997197094
0007-ANJANEYA NAGER,KODO MILLET ARIKALU 500G,1.0769230769230769,2.0,0.271746488194703,26,0.8571428571428572,0.2523360247522242
0007-ANJANEYA NAGER,KOVA KAJJIKAYALU 250g VELLANKI FOODS,1.1702127659574468,3.0,0.43334637898719497,47,1.5636363636363635,0.37031417840723935
0007-ANJANEYA NAGER,KP MALABAR  PAROTA 5PC ID FRESH,1.6952380952380952,6.0,0.9719509476761904,105,2.539325842696629,0.5733418511573033
0007-ANJANEYA NAGER,KURA KARAM 100g VELLANKI FOODS,1.75,3.0,0.7071067811865476,8,0.7142857142857143,0.4040610178208843
0007-ANJANEYA NAGER,KURNOOL MURMURA 500g,1.5632183908045978,4.0,0.6938458615988463,87,1.5588235294117647,0.4438572791110267
0007-ANJANEYA NAGER,Kashmir Comb Honey 500g BT,1.25,2.0,0.46291004988627577,8,0.6,0.37032803990902063
0007-ANJANEYA NAGER,L G HING 50g,1.2777777777777777,3.0,0.5290313921087084,54,1.347826086956522,0.4140245677372501
0007-ANJANEYA NAGER,LAB LAB,3.724207650273224,8.92,1.6363948919373754,183,1.395140345986237,0.4393941062382283
0007-ANJANEYA NAGER,LADIES FINGER,31.164098360655736,53.52,8.308790600503738,183,0.7173607713794249,0.26661418226665196
0007-ANJANEYA NAGER,LAKSHMAN FRUIT ANAND,1.7014285714285715,2.16,0.4944164429381561,7,0.2695214105793451,0.290589009283551
0007-ANJANEYA NAGER,LAL MICHI WITHOUT STEM 200G EVR,1.4404761904761905,4.0,0.700278610237666,84,1.7768595041322313,0.48614382859474337
0007-ANJANEYA NAGER,LAL MIRCHI WITH STEM 200G EVR,1.2467532467532467,3.0,0.5169710405165273,77,1.40625,0.41465385541429794
0007-ANJANEYA NAGER,LANGADA MANGO KG LOOSE,3.8128,12.97,2.869704572483609,25,2.4016995383969784,0.7526501711297757
0007-ANJANEYA NAGER,LASSI 200ml MILKY MIST UHT ROSE,1.6,5.0,1.0954451150103321,20,2.125,0.6846531968814575
0007-ANJANEYA NAGER,LASSI BLUBERRY 180ml MILKYMIST,1.8636363636363635,3.0,0.8335497554466649,22,0.6097560975609757,0.4472706004835763
0007-ANJANEYA NAGER,LEAF ONION,1.2731318681318682,4.95,0.8935487472601549,182,2.888049717319063,0.7018508998375046
0007-ANJANEYA NAGER,LEMON,9.290163934426229,18.67,3.123011802768377,183,1.009652373389801,0.3361632609297177
0007-ANJANEYA NAGER,LEMON JUICE,1.0714285714285714,2.0,0.2672612419124244,14,0.8666666666666667,0.24944382578492943
0007-ANJANEYA NAGER,LETTUCE RED ENG ITEM SAMBERRY,0.095,0.12,0.02273030282830976,10,0.26315789473684204,0.23926634556115534
0007-ANJANEYA NAGER,LIME PICKLE 250g VELLANKI FOODS,1.3333333333333333,4.0,1.0,9,2.0000000000000004,0.75
0007-ANJANEYA NAGER,LITTLE MILLET SAMELU 500g,1.25,3.0,0.5501196042201808,20,1.4,0.44009568337614463
0007-ANJANEYA NAGER,LOBIA,2.2869662921348315,8.63,1.3290125508960708,178,2.773558022993024,0.5811246783420964
0007-ANJANEYA NAGER,LONG CHILLIES,1.7428729281767954,5.37,1.0103165237723717,181,2.081119634818995,0.5796845584314946
0007-ANJANEYA NAGER,LOTUS ECLAIRS  250G,1.2,2.0,0.4472135954999579,5,0.6666666666666667,0.37267799624996495
0007-ANJANEYA NAGER,LOTUS KAJOOS 13.5 G,6.777777777777778,24.0,7.00046683784106,18,2.540983606557377,1.0328557629601565
0007-ANJANEYA NAGER,LOTUS TANGO 20G,7.695652173913044,24.0,6.160244849094109,23,2.1186440677966103,0.800483793950082
0007-ANJANEYA NAGER,LOW GI RICE 1Kg AISHWARYA,1.2,2.0,0.4472135954999579,5,0.6666666666666667,0.37267799624996495
0007-ANJANEYA NAGER,LOW GI RICE 5KG AISHWARYA,0.8333333333333334,1.0,0.408248290463863,6,0.19999999999999996,0.4898979485566356
0007-ANJANEYA NAGER,LYCHEE LOCAL ANAND,2.3962222222222223,5.52,1.0977524329467023,45,1.3036260780858757,0.4581179586627247
0007-ANJANEYA NAGER,Lotus Stem SAMBERRY,0.2636842105263158,0.94,0.17938967177223186,38,2.564870259481038,0.6803201125094621
0007-ANJANEYA NAGER,MAAZA 600ML,1.3333333333333333,3.0,0.7071067811865476,9,1.2500000000000002,0.5303300858899107
0007-ANJANEYA NAGER,MAGAYA PICKLE 250GMS VELLANKI FOODS,1.3333333333333333,3.0,0.6513389472789296,12,1.2500000000000002,0.48850421045919723
0007-ANJANEYA NAGER,MAIDA 1 KG,1.1666666666666667,2.0,0.3790490217894517,30,0.7142857142857142,0.3248991615338157
0007-ANJANEYA NAGER,MAIDA 500g,1.1111111111111112,2.0,0.32025630761017426,27,0.7999999999999999,0.2882306768491568
0007-ANJANEYA NAGER,MALLIKA MANGO Kg LOOSE,4.484677419354839,14.43,3.089803281839374,62,2.2176227297248694,0.6889689029816262
0007-ANJANEYA NAGER,MANGO AVAKAYA 250g  AHA,1.0625,2.0,0.24999999999999997,16,0.8823529411764706,0.2352941176470588
0007-ANJANEYA NAGER,MANGO GINGER,0.4147826086956522,2.16,0.4482050083037884,46,4.2075471698113205,1.0805781122628022
0007-ANJANEYA NAGER,MANGO JELLY ROLLS 250g VELLANKI FOODS,1.574468085106383,7.0,0.9445868608445519,94,3.445945945945946,0.5999403035093775
0007-ANJANEYA NAGER,MANGO JUICE,1.4166666666666667,4.0,0.90033663737852,12,1.8235294117647056,0.6355317440318964
0007-ANJANEYA NAGER,MANGO MAGAYA  250g AHA,1.1333333333333333,2.0,0.3518657752744984,15,0.7647058823529412,0.3104698017127927
0007-ANJANEYA NAGER,MANGO MAGAYA 500g AHA,1.25,2.0,0.5,4,0.6,0.4
0007-ANJANEYA NAGER,MANGO PICKLE 250G VELLANKI FOODS,1.3695652173913044,4.0,0.7105145444495813,46,1.9206349206349203,0.5187883975346149
0007-ANJANEYA NAGER,MARATHI MOGGA 50gms EVR,1.25,2.0,0.5,4,0.6,0.4
0007-ANJANEYA NAGER,MAREDUKAYA KG LOOSE,3.0400000000000005,5.35,2.0787736769547567,3,0.7598684210526312,0.6838071305772225
0007-ANJANEYA NAGER,MASALA PALLI 250GMS VELLANKI FOODS,1.488888888888889,3.0,0.7070184976752244,90,1.0149253731343284,0.4748631700803746
0007-ANJANEYA NAGER,MASOOR DAL 500g,1.2826086956521738,4.0,0.620503146317061,46,2.1186440677966103,0.48378211407770866
0007-ANJANEYA NAGER,MASTI BUTTER MILK 1Lt AMUL,1.5,3.0,0.7559289460184544,8,1.0,0.5039526306789696
0007-ANJANEYA NAGER,MASTI BUTTER MILK 200ml AMUL tetra,4.375,20.0,4.004404626190566,40,3.5714285714285716,0.9152924859864151
0007-ANJANEYA NAGER,MEDJOUL DATES LARGE FLYBERRY loose kgs,0.3575,1.04,0.21447822521391094,56,1.9090909090909094,0.5999390915074432
0007-ANJANEYA NAGER,MENTI BIG,3.3585792349726775,8.41,1.4057234471602567,183,1.5040350135042793,0.41854705481488885
0007-ANJANEYA NAGER,METHI 100G,1.5303030303030303,4.0,0.7690092921254537,66,1.613861386138614,0.5025209235671282
0007-ANJANEYA NAGER,MILK CHOCOLATE SMOOTH N CREAMY 150g AMUL,1.105263157894737,2.0,0.3153017676423057,19,0.8095238095238093,0.285273027866848
0007-ANJANEYA NAGER,MILK SHAKE CHOCOLATE 220ML MILKY MIST,2.5051546391752577,7.0,1.5008588606486715,97,1.794238683127572,0.5991082694770417
0007-ANJANEYA NAGER,MILK SHAKE STRAWBERRY 180ML HERITAGE,2.142857142857143,4.0,1.1126972805283735,28,0.8666666666666667,0.5192587309132409
0007-ANJANEYA NAGER,MILK SHAKE STRAWBERRY 180ML MILKY MIST,2.0422535211267605,8.0,1.4186172313540277,71,2.917241379310345,0.6946332650078343
0007-ANJANEYA NAGER,MILK SHAKE STRAWBERRY 180ml EPIGAMIA,2.058333333333333,7.0,1.367668895340869,120,2.4008097165991904,0.6644545240522441
0007-ANJANEYA NAGER,MILK SHAKE VANILA 180ml EPIGAMIA,1.5471698113207548,4.0,0.9107485876136995,53,1.5853658536585364,0.5886545749210497
0007-ANJANEYA NAGER,MILK SHAKE VANILLA 180ML MILKY MIST,1.5675675675675675,3.0,0.7652356405615106,37,0.9137931034482759,0.4881675638064809
0007-ANJANEYA NAGER,MILKSHAKE CHOCOLATE 180ml EPIGAMIA,3.046979865771812,16.0,2.2340593596779934,149,4.251101321585903,0.7332045035066542
0007-ANJANEYA NAGER,MILLET IDLY RAWA 500GMS SRI AHARYA,1.0909090909090908,2.0,0.30151134457776363,11,0.8333333333333335,0.27638539919628335
0007-ANJANEYA NAGER,MILLET MOONG MIX 250g VELLANKI,1.2777777777777777,3.0,0.5290313921087083,54,1.347826086956522,0.41402456773725
0007-ANJANEYA NAGER,MINI MEDJOUL FLYBERRY loose kgs,0.3076470588235294,1.16,0.2866515613895358,17,2.7705544933078396,0.9317545972508813
0007-ANJANEYA NAGER,MINUTE MAID PULPY 250 ML,2.404255319148936,6.0,1.56954125765523,47,1.495575221238938,0.6528180452194319
0007-ANJANEYA NAGER,MISHTI DAHI 80g  EPIGAMIA,1.8225806451612903,6.0,1.04840540194734,62,2.2920353982300887,0.5752312824843813
0007-ANJANEYA NAGER,MIXED SPROUTS ANAND,10.470588235294118,23.0,4.997249504528632,170,1.196629213483146,0.4772654021179031
0007-ANJANEYA NAGER,MIXTURE 250g VELLANKI FOODS,1.9618320610687023,5.0,0.9876512943705755,131,1.54863813229572,0.5034331500488147
0007-ANJANEYA NAGER,MODERN  CRUST PIZZA BASE 150g,3.0,5.0,2.8284271247461903,2,0.6666666666666666,0.9428090415820635
0007-ANJANEYA NAGER,MODERN 100% WHOLE WHEAT BREAD 400G,1.9489795918367347,6.0,1.1786104782212943,98,2.0785340314136125,0.6047320778308212
0007-ANJANEYA NAGER,MODERN BANANA PUDDING  CAKE 140g,1.1,3.0,0.4025778999364487,30,1.727272727272727,0.36597990903313515
0007-ANJANEYA NAGER,MODERN CHOCO CHEER CAKE 120g,1.7857142857142858,8.0,1.2145597060264701,70,3.48,0.6801534353748232
0007-ANJANEYA NAGER,MODERN FRUIT & NUT CAKE 140g,1.3863636363636365,3.0,0.5793303708998299,44,1.163934426229508,0.4178776445834838
0007-ANJANEYA NAGER,MODERN HI FIBER  BROWN BREAD 400g,1.4,4.0,0.6681143701449647,70,1.8571428571428574,0.4772245501035462
0007-ANJANEYA NAGER,MODERN MILK PLUS BREAD 450g,1.816326530612245,5.0,1.0086935387743687,98,1.752808988764045,0.5553481280892592
0007-ANJANEYA NAGER,MODERN SANDWICH SUPREME BREAD 400g,1.5138888888888888,3.0,0.691865320191188,72,0.9816513761467891,0.45701195462170213
0007-ANJANEYA NAGER,MODERN WOW PAV 200g,1.9090909090909092,4.0,1.0713203408538794,33,1.0952380952380951,0.5611677975901272
0007-ANJANEYA NAGER,MODREN FRUITY BREAD 200G,1.4492753623188406,4.0,0.6759792871012693,69,1.7599999999999998,0.4664257080998758
0007-ANJANEYA NAGER,MOONG DAL 500G,1.435897435897436,4.0,0.7133193596310905,78,1.7857142857142856,0.49677598260022376
0007-ANJANEYA NAGER,MOONG DAL1kg,1.2962962962962963,3.0,0.6333388502463011,54,1.3142857142857143,0.488575684475718
0007-ANJANEYA NAGER,MOONG GREEN 500g,1.5542168674698795,4.0,0.7691143473009809,83,1.5736434108527133,0.4948565180308637
0007-ANJANEYA NAGER,MOUSAMBI,9.233571428571429,36.22,4.889628768615238,182,2.922642531136381,0.5295490273119311
0007-ANJANEYA NAGER,MOUSAMBI JUICE,1.8644067796610169,5.0,1.1057471669394514,59,1.6818181818181819,0.593082571358433
0007-ANJANEYA NAGER,MOZZARELLA CHEESE 200g MILKY MIST,1.04,2.0,0.19999999999999998,25,0.923076923076923,0.1923076923076923
0007-ANJANEYA NAGER,MUKHWAS TINIMINI KG FLYBERRY,0.12208333333333334,0.24,0.043437027549302225,24,0.9658703071672354,0.35579817787824347
0007-ANJANEYA NAGER,MULAGAKU KARAM 100g VELLANKI FOODS,1.1818181818181819,2.0,0.40451991747794525,11,0.6923076923076922,0.3422860840197998
0007-ANJANEYA NAGER,MULBERY BOX PACK ANAND,3.4444444444444446,6.0,1.056485502106686,45,0.7419354838709676,0.306721597385812
0007-ANJANEYA NAGER,MURUKULU 250g VELLANKI FOODS,2.0620689655172413,6.0,1.2921810247663765,145,1.9096989966555185,0.626642971876671
0007-ANJANEYA NAGER,MUSK MELON - H,8.455439560439562,29.31,4.632647128692063,182,2.466407605481873,0.5478895680795608
0007-ANJANEYA NAGER,MUSK MELON - LOCAL,3.5868181818181815,6.65,1.6679396653574514,22,0.8540108984919531,0.46501929587965957
0007-ANJANEYA NAGER,MUSK MELON JUICE,1.8181818181818181,5.0,1.0404097420197682,44,1.75,0.5722253581108725
0007-ANJANEYA NAGER,MUSTARD BIG 200g,1.2340425531914894,3.0,0.5599986784707547,47,1.4310344827586208,0.4537920325538874
0007-ANJANEYA NAGER,MUSTARD OIL 1Lt. MESMARA,1.1428571428571428,2.0,0.3779644730092272,7,0.7500000000000001,0.33071891388307384
0007-ANJANEYA NAGER,MUSTARD SMALL 200g,1.1272727272727272,3.0,0.3875156128059232,55,1.6612903225806452,0.3437638500697706
0007-ANJANEYA NAGER,MYSORE PAK 250g HARD VELLANKI FOODS,1.253968253968254,3.0,0.4741122083143489,63,1.3924050632911393,0.37808948257979724
0007-ANJANEYA NAGER,Mango Juices,1.4,2.0,0.5477225575051661,5,0.42857142857142866,0.3912303982179758
0007-ANJANEYA NAGER,NAGPUR ORANGE,10.882,33.36,6.7604630566804165,55,2.065612938798015,0.6212518890535211
0007-ANJANEYA NAGER,NAGPUR ORANGE JUICE,1.894736842105263,5.0,0.9941348467724344,19,1.638888888888889,0.524682280241007
0007-ANJANEYA NAGER,NALLA KARAM 100g VELLANKI FOODS,1.1666666666666667,2.0,0.408248290463863,6,0.7142857142857142,0.34992710611188255
0007-ANJANEYA NAGER,NANDA CREAM BUN VANILLA 60g,4.32258064516129,14.0,3.176865297471639,31,2.238805970149254,0.7349464494150807
0007-ANJANEYA NAGER,NANDA CRM BUN CHOCOLATE 60g,2.911764705882353,10.0,2.5150172848231085,34,2.4343434343434343,0.8637433099392494
0007-ANJANEYA NAGER,NANDA CRM BUN PINEAPPLE 60g,2.84375,7.0,1.74336299035199,32,1.4615384615384615,0.6130507218820185
0007-ANJANEYA NAGER,NANDA MUFFIN FRUIT 240g,1.891304347826087,4.0,1.0376953282167647,46,1.1149425287356323,0.548666495378979
0007-ANJANEYA NAGER,NANDA MUFFIN VANILLA 240g,2.425,7.0,1.7377778324261692,40,1.88659793814433,0.7166094154334719
0007-ANJANEYA NAGER,NANDA OSMANIA COOKIES 300g,2.5535714285714284,8.0,1.4883748655025522,56,2.132867132867133,0.5828600871898106
0007-ANJANEYA NAGER,NANDAS Mr BREADRY ZERO MAIDA 450g,1.5,2.0,0.7071067811865476,2,0.3333333333333333,0.47140452079103173
0007-ANJANEYA NAGER,NARINJAAKAYA KG LOOSE,2.015,3.12,1.56270598642227,2,0.5483870967741935,0.7755364696884715
0007-ANJANEYA NAGER,NATU DONDAKAI,4.062841530054645,9.35,2.012180658445415,183,1.3013449899125753,0.495264371883673
0007-ANJANEYA NAGER,NATURAL BROWN SUGAR 1Kg JIVIKA ORGANICS,1.1818181818181819,3.0,0.5010810823432184,22,1.5384615384615383,0.4239916850596463
0007-ANJANEYA NAGER,NATURAL CURD 450g SIDS FARM,5.862637362637362,13.0,2.7082500660488833,182,1.217432052483599,0.46195080789212445
0007-ANJANEYA NAGER,NATURAL ROCK SALT 1Kg JIVIKA ORGANICS,1.3934426229508197,5.0,0.8016376680394154,61,2.588235294117647,0.5752929147106393
0007-ANJANEYA NAGER,NATURAL THICK CURD  POUCH 400 GMS ID FRESH,1.7636363636363637,9.0,1.2904727293979774,55,4.103092783505154,0.7317113414112243
0007-ANJANEYA NAGER,NATURAL THICK CURD CUP 400g ID FRESH,1.1666666666666667,2.0,0.38924947208076144,12,0.7142857142857142,0.33364240464065265
0007-ANJANEYA NAGER,NAVARATAN MIXTURE 250g VELLANKI FOODS,1.404040404040404,4.0,0.6533929017560118,99,1.8489208633093526,0.46536616743773507
0007-ANJANEYA NAGER,NEELAM MANGO Kg LOOSE,6.713157894736842,20.65,4.589327743290769,57,2.076048608388867,0.6836317296944305
0007-ANJANEYA NAGER,NETHI BHERAKAI,2.0326190476190478,6.28,1.1703130437935565,168,2.0896099332318143,0.5757660517667725
0007-ANJANEYA NAGER,NUTMEG 50G,1.1071428571428572,2.0,0.314970394174356,28,0.8064516129032258,0.2844893882865151
0007-ANJANEYA NAGER,NUTRI+ WITH IMMUNITY BOOSTERS - 30 EGGS TRAY ABHI EGGS,1.3181818181818181,3.0,0.5612580251760543,44,1.2758620689655173,0.42578195013355846
0007-ANJANEYA NAGER,NUTRI+ WITH IMMUNITY BOOSTERS - 6 EGGS PACK ABHI EGGS,1.6271186440677967,4.0,0.848899999893285,59,1.4583333333333333,0.5217197916010814
0007-ANJANEYA NAGER,NUVVULA CHIKKI 250g VELLANKI FOODS,1.7191011235955056,6.0,1.0111735311569225,89,2.4901960784313726,0.5881989821762491
0007-ANJANEYA NAGER,NUVVUNDALU 250g VELLANKI FOODS,1.0985915492957747,2.0,0.30023465001632055,71,0.8205128205128204,0.2732905147584456
0007-ANJANEYA NAGER,OKRA CHIPS VACUUM FRIED 20g FLYBERRY,1.3333333333333333,2.0,0.5773502691896257,3,0.5000000000000001,0.4330127018922193
0007-ANJANEYA NAGER,OMANI SEEDLESS 250g FLYBERRY,1.1666666666666667,2.0,0.3790490217894517,30,0.7142857142857142,0.3248991615338157
0007-ANJANEYA NAGER,ONION,72.67180327868853,146.35,23.809223845747525,183,1.0138484721338692,0.32762671038231594
0007-ANJANEYA NAGER,ONION WHITE,1.9634883720930234,7.17,1.6637033900607607,43,2.6516641004382326,0.8473202152388097
0007-ANJANEYA NAGER,ORGANIC CURD. 1KG TUB AKSHAYAKALPA,1.208955223880597,3.0,0.5086319569803804,67,1.4814814814814816,0.42072026071216656
0007-ANJANEYA NAGER,ORGANIC GREEK YOGHURT NATURAL 100g AKSHAYAKALPA,1.4848484848484849,4.0,0.712443511849015,33,1.693877551020408,0.4798088957350509
0007-ANJANEYA NAGER,ORGANIC MALAI PANEER 200g AKSHAYAKALPA,1.9914529914529915,6.0,1.1024715689173787,117,2.0128755364806867,0.5536016032761086
0007-ANJANEYA NAGER,ORGANIC- CHEESE SLICES AKSHAYAKALPA,1.125,2.0,0.3415650255319866,16,0.7777777777777778,0.30361335602843254
0007-ANJANEYA NAGER,ORGANIC-PROBIOTIC CURD AKSHAYAKALPA,2.1755725190839694,7.0,1.2918735114942672,131,2.217543859649123,0.5938085263359615
0007-ANJANEYA NAGER,OUTSIDE YELLOW MELON Kg,4.255263157894737,13.33,2.8565503073823106,38,2.132591218305504,0.671298155105305
0007-ANJANEYA NAGER,PALAK GREEN,9.96153005464481,20.0,3.1243817600180535,183,1.0077237021108525,0.31364476570155336
0007-ANJANEYA NAGER,PALLI GROUND NUT KARAM 100g VELLANKI FOODS,1.0869565217391304,2.0,0.2881040655200304,23,0.8400000000000001,0.26505574027842793
0007-ANJANEYA NAGER,PALLI PEANUT CHIKKI 250g VELLANKI FOODS,2.0753424657534247,6.0,1.1631444683796395,146,1.891089108910891,0.5604590507703873
0007-ANJANEYA NAGER,PALLI PEANUT VUNDALU 250g VELLANKI FOODS,1.3015873015873016,3.0,0.5857149101441603,63,1.3048780487804876,0.45000047974490365
0007-ANJANEYA NAGER,PANASA POTTU,1.3746478873239436,4.0,0.7956521691326385,71,1.9098360655737705,0.5788043443485382
0007-ANJANEYA NAGER,PANDUMIRAPAKAYA 250g PICKLE AHA,1.0833333333333333,2.0,0.28867513459481287,12,0.8461538461538463,0.2664693550105965
0007-ANJANEYA NAGER,PANEER 200G HERITAGE,7.9491525423728815,31.0,4.45975843521398,177,2.899786780383795,0.5610357093339549
0007-ANJANEYA NAGER,PANEER 200G ID FRESH,2.2706766917293235,6.0,1.3207425571456528,133,1.6423841059602646,0.5816515235111649
0007-ANJANEYA NAGER,PANEER 200g SINGLE BLOCK MILKY MIST,2.3728813559322033,8.0,1.551379921559174,118,2.3714285714285714,0.6537958240856518
0007-ANJANEYA NAGER,PANEER 500G HERITAGE,2.8354430379746836,9.0,1.8780012396083052,158,2.174107142857143,0.6623307943261434
0007-ANJANEYA NAGER,PANEER 500g MILKY MIST,1.0434782608695652,2.0,0.20851441405707474,23,0.9166666666666667,0.1998263134713633
0007-ANJANEYA NAGER,PAPPAYA,20.59120218579235,49.18,7.556093362211502,183,1.3883986741645191,0.3669573682018966
0007-ANJANEYA NAGER,PAPPAYA JUICE,1.3478260869565217,3.0,0.5727680517510726,23,1.2258064516129032,0.42495694162176356
0007-ANJANEYA NAGER,PARVAL,2.2278980891719744,5.61,1.2853952958023007,157,1.518068500200126,0.5769542610811402
0007-ANJANEYA NAGER,PASTEURISED BUTTER 100g AMUL,2.0638297872340425,5.0,1.292188156294332,47,1.422680412371134,0.6261117870704496
0007-ANJANEYA NAGER,PASUPU KOMMULU,0.2761764705882353,1.03,0.2090828608507284,136,2.7294994675186373,0.7570625419515192
0007-ANJANEYA NAGER,PEANUT OIL 1LT COLD PRESSED JIVIKA ORGANICS,1.1111111111111112,2.0,0.3233808333817773,18,0.7999999999999999,0.2910427500435996
0007-ANJANEYA NAGER,PERI PERI CASHEW FLYBERRY,0.165,0.22,0.07778174593052022,2,0.33333333333333326,0.47140452079103157
0007-ANJANEYA NAGER,PERSIMMON FRUIT,0.725,1.76,0.6272843966541127,8,1.427586206896552,0.8652198574539486
0007-ANJANEYA NAGER,PGB SOYA CHUNKS 200G MEDIUM,1.2857142857142858,2.0,0.4688072309384954,14,0.5555555555555555,0.3646278462854964
0007-ANJANEYA NAGER,PINE APPLE,3.9441340782122905,11.0,2.148217631702615,179,1.7889518413597736,0.5446614108707764
0007-ANJANEYA NAGER,PINE APPLE JUICE,1.5555555555555556,5.0,0.9428090415820635,45,2.2142857142857144,0.6060915267313265
0007-ANJANEYA NAGER,PINK LADY APPLE,4.025652173913043,17.23,2.5257555262259386,161,3.280051841451561,0.6274152403412527
0007-ANJANEYA NAGER,PISTA FLAVOURED MILK 200ML HERITAGE,2.3366336633663365,7.0,1.4985141155342667,101,1.9957627118644068,0.641313244360004
0007-ANJANEYA NAGER,PISTA GREEN SHELLED KG FLYBERRY,0.18107142857142858,1.58,0.21004483133091179,56,7.725838264299803,1.160010902813714
0007-ANJANEYA NAGER,PLAIN BUTTER MILK 200ML UHT AKSHAYA KALPA,2.25531914893617,8.0,1.5584398747739003,94,2.547169811320755,0.6910063595695596
0007-ANJANEYA NAGER,PLUMS LOCAL BOX ANAND,2.272727272727273,5.0,1.202450600185906,22,1.1999999999999997,0.5290782640817986
0007-ANJANEYA NAGER,POHA MEDIUM 500g,1.8928571428571428,6.0,1.0768417523425433,112,2.169811320754717,0.5688975295394568
0007-ANJANEYA NAGER,POKCHOY LEAF SAMBERRY,0.2219047619047619,0.32,0.06289825495346016,21,0.44206008583690987,0.2834470716786831
0007-ANJANEYA NAGER,POMEGRANATE CANE,1.25,2.0,0.5,4,0.6,0.4
0007-ANJANEYA NAGER,POMEGRANATE JUICE,1.3269230769230769,3.0,0.6174315504224038,52,1.2608695652173914,0.4653107336516667
0007-ANJANEYA NAGER,POMEGRANATE SEEDS,1.375,3.0,0.7440238091428449,8,1.1818181818181819,0.54110822483116
0007-ANJANEYA NAGER,PONAGANTI KURA,0.7601418439716312,2.78,0.5303165979132558,141,2.6572121664489643,0.6976547891935909
0007-ANJANEYA NAGER,POOJA GINGELLY OIL 1LTR,1.2222222222222223,2.0,0.4277926319464986,18,0.6363636363636362,0.3500121534107715
0007-ANJANEYA NAGER,POOJA OIL 500ML,1.1666666666666667,2.0,0.3806934938134406,24,0.7142857142857142,0.32630870898294906
0007-ANJANEYA NAGER,POOJA PATRI PACK,29.5,36.0,9.192388155425117,2,0.22033898305084745,0.31160637815000397
0007-ANJANEYA NAGER,POTATO,54.3824043715847,118.8,16.08573167182652,183,1.1845301136055337,0.295789269667368
0007-ANJANEYA NAGER,POTATO CHIPS 200G EVR,1.1111111111111112,2.0,0.3333333333333333,9,0.7999999999999999,0.3
0007-ANJANEYA NAGER,PREMIUM MILK BREAD 400g SPENCERS AKSHAYA  FOODS,4.379888268156424,11.0,2.2637440372306994,179,1.5114795918367347,0.5168497227860909
0007-ANJANEYA NAGER,PREMIUM SANDWICH BREAD 400g SPENCERS AKSHAYA FOODS ENGLISH RECIPE,1.6833333333333333,5.0,0.9476405430700275,60,1.97029702970297,0.5629547780614025
0007-ANJANEYA NAGER,PRM BROWN BREAD 400g MR BREADY NANDAS,1.3928571428571428,6.0,1.0306159867619522,28,3.3076923076923084,0.7399294263931965
0007-ANJANEYA NAGER,PRM CHITTIMUTYALU RICE 1KG GAJANAN,1.25,2.0,0.5,4,0.6,0.4
0007-ANJANEYA NAGER,PRM HMT RAW RICE 26KG BAG GAJANAN,1.0909090909090908,2.0,0.2942449431682499,22,0.8333333333333335,0.2697245312375624
0007-ANJANEYA NAGER,PROSO MILLET VARIGALU 500g,1.25,4.0,0.7163503994113789,20,2.2,0.5730803195291031
0007-ANJANEYA NAGER,PUDHINA,3.041530054644809,7.8,1.5928679842662883,183,1.5644987423643548,0.5237061464619668
0007-ANJANEYA NAGER,PULIHORA PASTE 250G VELLANKI FOODS,1.3529411764705883,3.0,0.701888209634219,17,1.217391304347826,0.5187869375557271
0007-ANJANEYA NAGER,PUMPKIN,6.824505494505495,22.77,3.949873979033495,182,2.3365054828269165,0.578778049517814
0007-ANJANEYA NAGER,PUMPKIN SEEDS KG FLYBERRY,0.2343010752688172,1.55,0.1988903884788454,93,5.6154199173933,0.8488667337555128
0007-ANJANEYA NAGER,PURE O FRESH EGGS 30 pack,4.396648044692737,10.0,2.0998100353175553,179,1.2744599745870393,0.4775933879565977
0007-ANJANEYA NAGER,PURE O FRESH EGGS 6 PACK,10.192307692307692,34.0,5.115391805049444,182,2.3358490566037737,0.5018874978539077
0007-ANJANEYA NAGER,Pomogranate Pack of 4,1.3956043956043955,4.0,0.6972823575874308,91,1.8661417322834648,0.49962751606658434
0007-ANJANEYA NAGER,RAGI FLOUR 500G,1.7422680412371134,5.0,1.0335854919029026,97,1.8698224852071006,0.5932413770093583
0007-ANJANEYA NAGER,RAGULU 500g,1.3584905660377358,4.0,0.7096678427438243,53,1.9444444444444449,0.5223943842419818
0007-ANJANEYA NAGER,RAISIN N ALMOND 150G CHOCOLATE AMUL,1.1,2.0,0.31622776601683794,10,0.818181818181818,0.28747978728803447
0007-ANJANEYA NAGER,RASAM PODI 100g VELLANKI FOODS,1.2,2.0,0.4216370213557839,10,0.6666666666666667,0.35136418446315326
0007-ANJANEYA NAGER,RAW BANANA(GREEN PLANTIN),11.656502732240437,26.92,3.230833901938564,183,1.309440543049214,0.2771700891900003
0007-ANJANEYA NAGER,RAW MANGO,5.464371584699454,13.29,2.5707446463992363,183,1.4321186423728471,0.4704556794046483
0007-ANJANEYA NAGER,RAW PEANUT 1KG,1.6666666666666667,4.0,0.8046340145904206,105,1.3999999999999997,0.4827804087542523
0007-ANJANEYA NAGER,RAW PEANUT500g,1.9858156028368794,6.0,1.0953526216496736,141,2.0214285714285714,0.5515882844735857
0007-ANJANEYA NAGER,RED BANTHI POOLU KGS LOOSE,4.055,5.07,1.4354267658086919,2,0.2503082614056722,0.35398933805393146
0007-ANJANEYA NAGER,RED BULL CAN 250ml,1.3333333333333333,3.0,0.5940885257860045,18,1.2500000000000002,0.44556639433950335
0007-ANJANEYA NAGER,RED CHERRY FLYBERRY,0.160327868852459,0.51,0.10028238816985353,61,2.180981595092025,0.6254831981964281
0007-ANJANEYA NAGER,RED CHILLI PICKLE 250G VELLANKI FOODS,1.0555555555555556,2.0,0.2357022603955158,18,0.8947368421052632,0.22329687826943603
0007-ANJANEYA NAGER,RED LOBIYA 500g,1.125,2.0,0.3349320635285418,40,0.7777777777777778,0.29771738980314827
0007-ANJANEYA NAGER,RED RAJMA 500g,1.1136363636363635,3.0,0.3867520743564635,44,1.6938775510204085,0.34728757697315094
0007-ANJANEYA NAGER,RED RICE 1KG,1.1,2.0,0.31622776601683794,10,0.818181818181818,0.28747978728803447
0007-ANJANEYA NAGER,RIBBON PAKODI 250g VELLANKI FOODS,1.8267716535433072,8.0,1.1133710300787751,127,3.379310344827586,0.6094746587069156
0007-ANJANEYA NAGER,RICE FLOUR 500G,1.7532467532467533,6.0,1.1488649336106092,77,2.4222222222222225,0.6552785176890141
0007-ANJANEYA NAGER,RICE RAVA IDLY BATTER 1KG ID FRESH,1.2941176470588236,3.0,0.501761602638497,51,1.3181818181818181,0.3877248747661113
0007-ANJANEYA NAGER,RICE RAWA 500g,1.4821428571428572,9.0,1.2208949240554716,56,5.072289156626505,0.8237363343024868
0007-ANJANEYA NAGER,RIDGE GOURD,35.29901639344263,64.06,9.908676801181839,183,0.8147814456354143,0.28070688119860865
0007-ANJANEYA NAGER,ROASTED CHANA 200G,2.5,4.0,1.0,4,0.6,0.4
0007-ANJANEYA NAGER,ROASTED SALTED PISTA KG FLYBERRY,0.20287671232876714,0.79,0.13999483573862834,73,2.8939905469277516,0.6900488189682558
0007-ANJANEYA NAGER,ROMAIN LETTUCE KG ENGISH ITEM SAMBERRY,0.15171875,0.64,0.0851619314218041,64,3.218331616889804,0.561314481049996
0007-ANJANEYA NAGER,ROSE LONG BRINJAL,9.66344262295082,17.92,3.6096250536978456,183,0.8544115900724382,0.3735340700554203
0007-ANJANEYA NAGER,RUBUSTA BANANA,23.926939890710383,69.17,8.303861569047585,183,1.8908836782281215,0.3470507138387368
0007-ANJANEYA NAGER,RUMANI MANGO KG LOOSE,1.5415384615384615,3.71,0.9478734633716162,13,1.4066866267465068,0.6148879752410684
0007-ANJANEYA NAGER,Raw Forest Honey 1000g BT,1.1428571428571428,2.0,0.3779644730092272,7,0.7500000000000001,0.33071891388307384
0007-ANJANEYA NAGER,Raw Forest Honey 500g BT,1.0909090909090908,2.0,0.29424494316824984,22,0.8333333333333335,0.26972453123756235
0007-ANJANEYA NAGER,Raw Pappaya,1.230357142857143,2.27,0.5666240646917766,28,0.8449927431059505,0.46053624996719145
0007-ANJANEYA NAGER,Red Banana,1.2507894736842105,4.6,0.9363657562925591,152,2.677677256469598,0.7486197925334999
0007-ANJANEYA NAGER,Royalaga Pack of 4,1.5294117647058822,4.0,0.6615791254131682,119,1.6153846153846156,0.43257096661630234
0007-ANJANEYA NAGER,SABJA SEEDS KG FLYBERRY,0.14285714285714285,0.52,0.09074987641692088,42,2.64,0.6352491349184461
0007-ANJANEYA NAGER,SABUDANA 250g,1.4848484848484849,6.0,0.932200444645715,66,3.0408163265306123,0.6278084627205835
0007-ANJANEYA NAGER,SAMBAR ONION CHENNAI,1.47,4.85,1.6900532535988324,6,2.2993197278911564,1.1496960908835594
0007-ANJANEYA NAGER,SAMBAR PODI 100g VELLANKI FOODS,1.5333333333333334,3.0,0.6399404734221844,15,0.9565217391304347,0.417352482666642
0007-ANJANEYA NAGER,SAMBAR Â ONION,2.4147999999999996,7.88,1.5987011170775376,150,2.2632102037435815,0.6620428677644268
0007-ANJANEYA NAGER,SANNAPOOSA 250g VELLANKI FOODS,1.4591836734693877,4.0,0.6911572149758479,98,1.7412587412587412,0.47366018928414755
0007-ANJANEYA NAGER,SAUNF 100gm EVR,2.5,3.0,0.7071067811865476,2,0.2,0.282842712474619
0007-ANJANEYA NAGER,SESAME OIL 1Lt COLD PRESSED JIVIKA ORGANICS,1.2857142857142858,2.0,0.46880723093849547,14,0.5555555555555555,0.36462784628549644
0007-ANJANEYA NAGER,SET CURD 1kg BUCKET MILKY MIST,1.8272727272727274,5.0,0.9564756686680335,110,1.736318407960199,0.523444395788476
0007-ANJANEYA NAGER,SET CURD 200g MILKY MIST,1.2222222222222223,3.0,0.5378737547981207,54,1.4545454545454544,0.44007852665300784
0007-ANJANEYA NAGER,SET CURD 400g MILKY MIST,1.1754385964912282,3.0,0.4676234373916635,57,1.552238805970149,0.39782889449738534
0007-ANJANEYA NAGER,SHAH JEERA 50g,1.5063291139240507,4.0,0.7315844715501467,79,1.6554621848739495,0.4856737248106016
0007-ANJANEYA NAGER,SHRIKAND MANGO 100g MILKY MIST,1.2666666666666666,3.0,0.5936168397046636,15,1.368421052631579,0.4686448734510502
0007-ANJANEYA NAGER,SID FARMS MALAI PANEER 200g,2.5448717948717947,8.0,1.36944984818109,156,2.143576826196474,0.5381213509225442
0007-ANJANEYA NAGER,SIMLA APPLE,4.593548387096774,11.84,2.452929606799587,31,1.5775280898876403,0.5339945070982247
0007-ANJANEYA NAGER,SINGLE POLISH RICE 1Kg,1.6,5.0,1.0034423509719619,30,2.125,0.6271514693574761
0007-ANJANEYA NAGER,SINGLE POLISH RICE 5Kg,1.3,4.0,0.651258728182957,30,2.076923076923077,0.5009682524484285
0007-ANJANEYA NAGER,SKYR YOGHURT 100g MILKYMIST,1.4615384615384615,4.0,0.9046886417224095,26,1.736842105263158,0.6189974917048066
0007-ANJANEYA NAGER,SMALL AMLA,0.626,1.77,0.6511758595034064,5,1.8274760383386583,1.040217027960713
0007-ANJANEYA NAGER,SMALL CAPSICUM,2.256036036036036,5.17,1.444525262864321,111,1.2916300614966858,0.6402935235921238
0007-ANJANEYA NAGER,SNAKE GOURD,2.479657142857143,8.25,1.48902957565513,175,2.327072867216666,0.6004981696539792
0007-ANJANEYA NAGER,SOAN PATTI 250g VELLANKI FOODS,1.0434782608695652,2.0,0.20851441405707477,23,0.9166666666666667,0.19982631347136331
0007-ANJANEYA NAGER,SOYA CHUNKS MEDIUM 200G EVR,1.4556962025316456,3.0,0.6364458273405841,79,1.0608695652173914,0.4372106118252708
0007-ANJANEYA NAGER,SOYA CHUNKS SMALL 200G EVR,1.5625,5.0,0.8395862452965385,80,2.2,0.5373351969897846
0007-ANJANEYA NAGER,SOYAKURA,0.1742241379310345,0.62,0.10955364667253381,116,2.558634339435922,0.6288086597730788
0007-ANJANEYA NAGER,SPECIAL  LONG LIFE MILK 500ML HERITAGE,4.727848101265823,23.0,3.922251943461818,158,3.86479250334672,0.829606167425659
0007-ANJANEYA NAGER,SPECIAL LONG LIFE COW MILK 180ML HERITAGE,5.154471544715447,18.0,4.573681876450366,123,2.4921135646687698,0.8873231400684465
0007-ANJANEYA NAGER,SPICE BUTTER MILK 200ml UHT AKSHAYA KALPA,2.650943396226415,10.0,2.0049579158637085,106,2.772241992882562,0.7563186444183384
0007-ANJANEYA NAGER,SPICY ALOO CHIPS 100g VELLANKI FOODS,2.0267857142857144,5.0,1.24089346936657,112,1.4669603524229073,0.6122469981015676
0007-ANJANEYA NAGER,SPRITE 600ML,1.5,4.0,1.0690449676496976,8,1.6666666666666667,0.7126966450997984
0007-ANJANEYA NAGER,SPRITE PET  250ML,2.1636363636363636,7.0,1.729521838903976,55,2.235294117647059,0.7993588331068796
0007-ANJANEYA NAGER,SPROUTED RAGI FLOUR 500GMS SRI AHARYA,1.1428571428571428,2.0,0.3779644730092272,7,0.7500000000000001,0.33071891388307384
0007-ANJANEYA NAGER,SRI LALITHA IDLY RAVA 1KG,1.25,2.0,0.46291004988627577,8,0.6,0.37032803990902063
0007-ANJANEYA NAGER,STAR FRUIT,2.4,3.0,0.8944271909999159,5,0.25000000000000006,0.37267799624996495
0007-ANJANEYA NAGER,STAR PAPAD 200G EVR,1.1428571428571428,2.0,0.37796447300922725,7,0.7500000000000001,0.33071891388307384
0007-ANJANEYA NAGER,STRAWBERRY FLAVOURED MILK 180ML HERITAGE,2.2280701754385963,7.0,1.5966507407545905,114,2.1417322834645676,0.7166070253780445
0007-ANJANEYA NAGER,SUGAR 1 KG,1.8278688524590163,8.0,1.1185337432211389,122,3.3766816143497764,0.611933258623224
0007-ANJANEYA NAGER,SUGAR 2 KG,1.25,5.0,0.8032193289024989,32,3.0,0.6425754631219991
0007-ANJANEYA NAGER,SUGAR CANE PACK,1.8431372549019607,5.0,1.0074234267597284,51,1.7127659574468088,0.5465807953696399
0007-ANJANEYA NAGER,SUGAR FREE DARK CHOCOLATE 150g AMUL,1.25,3.0,0.5773502691896256,16,1.4,0.4618802153517005
0007-ANJANEYA NAGER,SUNFLOWER OIL 1LT COLD PRESSED MESMARA,1.0714285714285714,2.0,0.2672612419124244,14,0.8666666666666667,0.24944382578492943
0007-ANJANEYA NAGER,SUNFLOWER OIL 1Lt COLD PRESSED JIVIKA ORGANICS,1.1428571428571428,2.0,0.3585685828003181,21,0.7500000000000001,0.3137475099502784
0007-ANJANEYA NAGER,SUNFLOWER SEEDS KG FLYBERRY,0.19584615384615386,0.61,0.11872884426936217,65,2.114689709347996,0.6062352613910872
0007-ANJANEYA NAGER,SWEET CORN,38.31693989071038,106.0,14.19673725987902,183,1.766400456360525,0.3705081173071678
0007-ANJANEYA NAGER,SWEET CORN SEED,2.8472222222222223,10.0,1.7393811472609375,144,2.5121951219512195,0.6109045980623781
0007-ANJANEYA NAGER,SWEET POTATO,12.268469945355191,34.33,4.642329234661502,183,1.7982299465955198,0.378395126314759
0007-ANJANEYA NAGER,Small Bitter Gourd,4.226938775510204,12.76,3.022235947096828,98,2.018733101583623,0.7149940199292418
0007-ANJANEYA NAGER,Snake Gourd Small,0.5025,0.84,0.29101832702884306,4,0.6716417910447763,0.5791409493111306
0007-ANJANEYA NAGER,TABLE BUTTER 100g HERITAGE,1.5584415584415585,4.0,0.7162311170195085,77,1.5666666666666667,0.45958163342085123
0007-ANJANEYA NAGER,TABLE BUTTER CHIPLITE MILKY MIST,1.1176470588235294,2.0,0.32539568672798425,51,0.7894736842105263,0.2911435091776701
0007-ANJANEYA NAGER,TABLE BUTTER SALTED 100g MILKY MIST,1.3529411764705883,3.0,0.6063390625908324,17,1.217391304347826,0.4481636549584413
0007-ANJANEYA NAGER,TABLE BUTTER SALTED 200G MILKY MIST,1.1818181818181819,2.0,0.4045199174779452,11,0.6923076923076922,0.34228608401979976
0007-ANJANEYA NAGER,TAMARIND 500g,1.5901639344262295,4.0,0.9014257074273669,61,1.5154639175257734,0.5668759603409215
0007-ANJANEYA NAGER,TAMARIND SEEDLESS 500g SRI SIVA RUDRA EVR,1.4320987654320987,4.0,0.7405786859770249,81,1.793103448275862,0.5171282203805088
0007-ANJANEYA NAGER,TAPESWARAM KAJA 250g VELLANKI FOODS,1.2625,3.0,0.47048991433788556,80,1.3762376237623763,0.3726652786834737
0007-ANJANEYA NAGER,TATA IODISED CRYSTAL SALT 1KG,1.5384615384615385,4.0,0.9674179220468453,13,1.6,0.6288216493304494
0007-ANJANEYA NAGER,TATA SALT 1KG,1.489795918367347,6.0,0.9869759913016372,98,3.027397260273972,0.6624907338874002
0007-ANJANEYA NAGER,TEENDA,0.8442105263157894,2.19,0.5140937634914654,19,1.594139650872818,0.6089639343103393
0007-ANJANEYA NAGER,TELANGANA CHEKKALU 250g  VELLANKI FOODS,2.6352201257861636,7.0,1.3614092830769466,159,1.656324582338902,0.5166207064659535
0007-ANJANEYA NAGER,THAMALAPAKULU,38.75,75.0,30.445306151633073,4,0.9354838709677419,0.7856853200421439
0007-ANJANEYA NAGER,THIS CREAMY CARAMEL 18G CONTINENTAL,7.5,10.0,3.5355339059327378,2,0.3333333333333333,0.4714045207910317
0007-ANJANEYA NAGER,THIS CREAMY COFFEE MOCHA 22g CONTINENETAL,8.333333333333334,10.0,2.8867513459481287,3,0.19999999999999993,0.3464101615137754
0007-ANJANEYA NAGER,THOTAPURI MANGO,3.2180128205128207,8.5,1.8019041612378246,156,1.6413816457839485,0.5599431269359189
0007-ANJANEYA NAGER,THREE MANGO MIRCHI  PWD 500G,1.4,4.0,0.9660917830792959,10,1.8571428571428574,0.6900655593423543
0007-ANJANEYA NAGER,THREE MANGO RAI PWD 200G,1.5,2.0,0.7071067811865476,2,0.3333333333333333,0.47140452079103173
0007-ANJANEYA NAGER,THREE MANGO RAI PWD 500G,1.3333333333333333,2.0,0.5773502691896258,3,0.5000000000000001,0.4330127018922194
0007-ANJANEYA NAGER,THUMS UP  600ml PET BOTTLE,2.25,3.0,0.9574271077563381,4,0.3333333333333333,0.42552315900281695
0007-ANJANEYA NAGER,THUMS UP 1Lt PET BOTTLE,1.7142857142857142,4.0,1.1126972805283737,7,1.3333333333333333,0.6490734136415514
0007-ANJANEYA NAGER,THUMS UP 250ML,2.6506024096385543,9.0,1.8769054379272685,83,2.3954545454545455,0.7081052333998331
0007-ANJANEYA NAGER,TIL 100G,1.6805555555555556,6.0,1.0854529643034652,72,2.5702479338842976,0.6458893671888387
0007-ANJANEYA NAGER,TNS DATES 200g,1.6666666666666667,2.0,0.5773502691896258,3,0.19999999999999996,0.3464101615137755
0007-ANJANEYA NAGER,TOFU PANEER 200g SAI RATNA FOODS,2.8333333333333335,4.0,1.1690451944500122,6,0.41176470588235287,0.4126041862764749
0007-ANJANEYA NAGER,TOMATO (APPLE) hybrid,3.1008928571428576,61.39,4.929905056762369,168,18.79752375467895,1.5898340522815584
0007-ANJANEYA NAGER,TOMATO LOCAL,105.56032786885247,192.44,26.11070015394596,183,0.823033367602707,0.24735334458591055
0007-ANJANEYA NAGER,TOMATO PICKLE  250g AHA,1.1428571428571428,2.0,0.3631365196012815,14,0.7500000000000001,0.31774445465112133
0007-ANJANEYA NAGER,TONED MILK 500ml HERITAGE,80.06557377049181,1912.0,136.32474183688836,183,22.88042588042588,1.7026636470209233
0007-ANJANEYA NAGER,TOOR  DAL FATKA POLISHED 1kg,1.576086956521739,5.0,0.8285257084112284,92,2.1724137931034484,0.5256852770609174
0007-ANJANEYA NAGER,TOOR DAL PRM UNPOLISHED FATKA 1KG,1.5638297872340425,4.0,0.7698416348568672,94,1.5578231292517006,0.4922796848744593
0007-ANJANEYA NAGER,TOP MILLET ANDU KORRALU 500G,1.0909090909090908,2.0,0.29424494316824984,22,0.8333333333333335,0.26972453123756235
0007-ANJANEYA NAGER,TOTAL CURD 120GMS HERITAGE,11.439306358381502,27.0,4.933636752851514,173,1.3602829711975746,0.43128810421592323
0007-ANJANEYA NAGER,TUTTI FRUITY KG FLYBERRY,0.11833333333333333,0.25,0.06589707309451796,12,1.112676056338028,0.55687667403818
0007-ANJANEYA NAGER,Thotakura,4.275191256830601,14.2,2.009226203230316,183,2.3214888286722224,0.46997340762711265
0007-ANJANEYA NAGER,Tulsi Infused Honey 250g BT,1.125,2.0,0.3415650255319867,16,0.7777777777777778,0.30361335602843265
0007-ANJANEYA NAGER,UHT BUTTER MILK 180ML MILKY MIST,3.975609756097561,14.0,3.045388356827818,41,2.5214723926380365,0.766017930245034
0007-ANJANEYA NAGER,ULAVACHARU 250g HASSTA,2.5306122448979593,7.0,1.5716064656467708,147,1.7661290322580643,0.6210380388442884
0007-ANJANEYA NAGER,URAD BLACK SPLIT 500g,1.375,3.0,0.7440238091428449,8,1.1818181818181819,0.54110822483116
0007-ANJANEYA NAGER,URAD BLACK WHOLE 500G,1.5,4.0,1.0690449676496976,8,1.6666666666666667,0.7126966450997984
0007-ANJANEYA NAGER,URAD DAL UNPOLISHED 500g,1.2222222222222223,2.0,0.4204374825912608,45,0.6363636363636362,0.34399430393830427
0007-ANJANEYA NAGER,URAD ROUND UN POLISHED 1kg,1.3333333333333333,4.0,0.5958006000151014,78,2.0000000000000004,0.44685045001132606
0007-ANJANEYA NAGER,USA FUJI APPLE,4.0260989010989015,12.37,2.514200915660517,182,2.072453087683384,0.6244756965543692
0007-ANJANEYA NAGER,VAAKKAI,0.5733333333333334,1.46,0.3730272051401182,72,1.5465116279069766,0.6506288461746248
0007-ANJANEYA NAGER,VAMPOOSA 250g VELLANKI FOODS,2.15,7.0,1.2633460196904194,140,2.255813953488372,0.587602799856009
0007-ANJANEYA NAGER,VANILLA FLAVOURED MIILK 180ML HERITAGE,1.8888888888888888,4.0,1.0540925533894598,9,1.1176470588235294,0.5580489988532434
0007-ANJANEYA NAGER,VELLANIKI BITTER GOURD PAKODA 150G,1.1875,2.0,0.4031128874149275,16,0.6842105263157895,0.33946348413888633
0007-ANJANEYA NAGER,VELLANKI  PESARA MURKULU 250G,1.372093023255814,4.0,0.8171744528426824,43,1.9152542372881358,0.5955678215633109
0007-ANJANEYA NAGER,VELLANKI AVISELA  CHIKKI 250G,1.105263157894737,2.0,0.3110117477759048,38,0.8095238095238093,0.2813915813210567
0007-ANJANEYA NAGER,VELLANKI HEALTHY LADDU 250G,1.4583333333333333,3.0,0.682870453847279,48,1.0571428571428572,0.468254025495277
0007-ANJANEYA NAGER,VELLANKI JONNA MURKULU 250G,1.5166666666666666,4.0,0.8334463200240204,60,1.6373626373626375,0.5495250461696838
0007-ANJANEYA NAGER,VELLANKI JOWARI FLAKES 250G,1.507462686567164,4.0,0.7255746798303084,67,1.6534653465346534,0.4813218173131749
0007-ANJANEYA NAGER,VELLANKI KAKARAKAYA CHIPS 150G,1.2,2.0,0.408248290463863,25,0.6666666666666667,0.34020690871988585
0007-ANJANEYA NAGER,VELLANKI MILLET BOONDI ACTHU 250g,1.34375,3.0,0.6015772280350401,32,1.2325581395348837,0.4476853790028205
0007-ANJANEYA NAGER,VELLANKI MILLET MIXTURE 250g,1.4,4.0,0.710174503968536,70,1.8571428571428574,0.5072675028346686
0007-ANJANEYA NAGER,VELLANKI MILLET MURKULU 250g,1.467741935483871,4.0,0.7178689303510811,62,1.7252747252747251,0.4890975129864509
0007-ANJANEYA NAGER,VELLANKI MULTI SEEDS CHIKI 250g,1.4210526315789473,3.0,0.6830606378593979,38,1.1111111111111112,0.4806723007158726
0007-ANJANEYA NAGER,VELLANKI VAM MURKULU 250g,1.3166666666666667,3.0,0.6241378234003049,60,1.2784810126582278,0.47402872663314294
0007-ANJANEYA NAGER,VELLANLI RAGI RIBBON PAKODI 150G,1.2142857142857142,2.0,0.42581531362631997,14,0.6470588235294119,0.3506714347510871
0007-ANJANEYA NAGER,VENNA VUNDALU 250GMS VELLANKI FOODS,1.4259259259259258,4.0,0.6998491653741079,108,1.8051948051948055,0.490803310781842
0007-ANJANEYA NAGER,VINAYAKA VIGRAHAM 12 INCH,2.5,4.0,2.1213203435596424,2,0.6,0.8485281374238569
0007-ANJANEYA NAGER,VINAYAKA VIGRAHAM 8 INCH,3.0,5.0,2.0,3,0.6666666666666666,0.6666666666666666
0007-ANJANEYA NAGER,VITAMIN D3  WITH IMMUNITY BOOSTERS - 6 EGGS PACK  ABHI EGGS,1.5,4.0,0.7872218936609645,72,1.6666666666666667,0.5248145957739764
0007-ANJANEYA NAGER,VITAMIN D3 IMMUNITY BOOSTER 30PC PACK ABHI EGGS,1.135135135135135,3.0,0.4191368221424547,37,1.642857142857143,0.3692395814112101
0007-ANJANEYA NAGER,Vakai Box,3.2,7.0,2.142305693455191,20,1.1874999999999998,0.6694705292047471
0007-ANJANEYA NAGER,WALNUT PREMIUM KGS FLYBERRY,0.24790123456790122,0.78,0.16728505648579847,81,2.146414342629482,0.6748052577365377
0007-ANJANEYA NAGER,WALNUT REGULAR  KGS FLYBERRY,0.24546666666666667,1.12,0.20823124706021492,75,3.5627376425855517,0.8483076333251559
0007-ANJANEYA NAGER,WASHINGTON APPLE,3.1178709677419354,9.9,2.0375188588392694,155,2.17524365261655,0.6534968508702935
0007-ANJANEYA NAGER,WATER APPLE BOX,2.5555555555555554,5.0,1.4240006242195884,9,0.9565217391304349,0.5572176355641868
0007-ANJANEYA NAGER,WATERMELON JUICE,2.1153846153846154,8.0,1.3482144924611652,78,2.7818181818181817,0.6373377600725508
0007-ANJANEYA NAGER,WHEAT CHAPATI 390G 10PC ID FRESH,1.6551724137931034,4.0,0.8557066571310935,116,1.4166666666666667,0.516989438683369
0007-ANJANEYA NAGER,WHEAT PAROTA 5PC 400G ID FRESH,1.5316455696202531,4.0,0.7482534028120844,79,1.6115702479338843,0.488529081174832
0007-ANJANEYA NAGER,WHEAT RAWA MEDIUM 500g,2.076923076923077,7.0,1.2823848209398179,104,2.3703703703703702,0.6174445434154678
0007-ANJANEYA NAGER,WHITE JOWAR 500g,1.71875,5.0,1.2504031607910022,32,1.9090909090909092,0.7275072935511285
0007-ANJANEYA NAGER,WHITE JOWAR SORGHUM RAWA 500GMS SRI AHARYA,1.4,2.0,0.5477225575051661,5,0.42857142857142866,0.3912303982179758
0007-ANJANEYA NAGER,WHITE LOBIYA 500g,1.2391304347826086,4.0,0.6031319225028874,46,2.2280701754385968,0.48673804272162846
0007-ANJANEYA NAGER,WHITE PAV 200g SPENCERS AKSHAYA FOODS,1.85,4.0,1.0753651735156091,40,1.162162162162162,0.5812784721705995
0007-ANJANEYA NAGER,WHITE RADISH,3.1211475409836065,8.39,1.8299568526355081,183,1.688113871526866,0.5863089868730815
0007-ANJANEYA NAGER,WHITE RAJMA 500g,1.2857142857142858,3.0,0.6436503043467892,21,1.3333333333333333,0.500616903380836
0007-ANJANEYA NAGER,WHITE ROUND BRINJAL,7.6179781420765025,17.17,2.71714069969466,183,1.2538788743911802,0.35667478286489596
0007-ANJANEYA NAGER,WHITE SEEDLESS GRAPES,10.620888888888889,22.56,6.478065024731263,45,1.1241159978239945,0.6099362390946705
0007-ANJANEYA NAGER,WHOLE MEAL BROWN BREAD 400g SPENCERS AKSHAYA FOODS,2.9702380952380953,7.0,1.4117793386556672,168,1.3567134268537075,0.4753084747377797
0007-ANJANEYA NAGER,WHOLE WHEAT BREAD 400g  SPENCERS AKSHAYA FOODS,2.5533333333333332,6.0,1.4214873893954494,150,1.3498694516971281,0.5567182987188445
0007-ANJANEYA NAGER,WOOD APPLE,1.774,12.36,3.3691262114339713,15,5.967305524239007,1.8991692285422612
0007-ANJANEYA NAGER,WORKOUT TRAIL MIX KG FLYBERRY,0.19666666666666666,0.56,0.11666802720295123,36,1.8474576271186445,0.5932272569641588
0007-ANJANEYA NAGER,XTRA 50gm POUCH  CONTINENTAL,1.2857142857142858,3.0,0.6112498455021267,14,1.3333333333333333,0.47541654650165405
0007-ANJANEYA NAGER,XTRA SACHET 2.3G CONTINENTAL,39.111111111111114,120.0,24.136364733822337,27,2.068181818181818,0.617122961944321
0007-ANJANEYA NAGER,YELLOW BANTHI POOLU KGS LOOSE,2.7466666666666666,4.17,2.1857340490858745,3,0.5182038834951457,0.7957769596186437
0007-ANJANEYA NAGER,YELLOW DRAGON KG LOOSE,1.5233333333333334,2.42,0.8306824503583383,3,0.5886214442013128,0.5453057660995656
0007-ANJANEYA NAGER,YELLOW JOWAR 500g,1.3333333333333333,4.0,0.7019641181630338,24,2.0000000000000004,0.5264730886222754
0007-ANJANEYA NAGER,YELLOW MELON,3.8775,5.89,1.5248957809821437,8,0.5190199871050934,0.39326777072395713
0007-ANJANEYA NAGER,YOGHURT  MANGO MILKYMIST,1.7733333333333334,5.0,1.0210399221002684,75,1.819548872180451,0.5757743921618055
0007-ANJANEYA NAGER,YOGHURT PEACH 100GM MILKYMIST,1.7692307692307692,8.0,1.2927457420330166,52,3.5217391304347827,0.730682375931705
0007-ANJANEYA NAGER,YOGHURT STRAWBERRY MILKYMIST,2.0285714285714285,5.0,1.2622894839143786,70,1.4647887323943662,0.622255379394412
0007-ANJANEYA NAGER,YOGURT MANGO 90g AKSHAYA KALPA,1.4333333333333333,4.0,0.7738543627276671,30,1.7906976744186045,0.5398983926006979
0007-ANJANEYA NAGER,ZUCCHIINI GREEN ENGLISH ITEM SAMBERRY,0.42422680412371133,1.16,0.23069566465523725,97,1.7343863912515185,0.5438026603051765
0007-ANJANEYA NAGER,ZUCCHINI YELLOW ENGLISH ITEM SAMBERRY,0.3827835051546392,1.23,0.2062550113938711,97,2.2133046054403445,0.5388294130138834
0007-ANJANEYA NAGER,chinna menthi,0.7720348837209302,1.67,0.31223199305878324,172,1.1631146923714135,0.40442731234363066
0007-ANJANEYA NAGER,chintakayalu,0.8810810810810811,3.23,0.6857185354866162,37,2.665950920245399,0.7782695034664049
0007-ANJANEYA NAGER,chukkakura,2.900989010989011,5.71,1.2339345997919244,182,0.9682942535702109,0.4253496290808937
0007-ANJANEYA NAGER,gangavyalukura,0.4725641025641026,1.16,0.21476692321920018,39,1.4546934346174714,0.45447151413721143
0007-ANJANEYA NAGER,koyakura,0.315,0.5,0.14888474289418197,4,0.5873015873015873,0.4726499774418475
0007-ANJANEYA NAGER,pink Dragon Fruit,1.7881355932203389,6.25,1.1992946282665329,118,2.4952606635071093,0.670695574101663
0007-ANJANEYA NAGER,red thotakura,0.5957142857142858,1.46,0.42574864035238535,7,1.4508393285371701,0.7146859670183926
0007-ANJANEYA NAGER,simla mirchi bajji,0.7840909090909091,2.21,0.626651411346046,22,1.818550724637681,0.7992075970790151
